Year,Brand,Fuel_Type,Transmission,Owner,KM_Driven,Mileage,Engine,Max_Power,Seats,Selling_Price
2011,Renault,Petrol,Automatic,First Owner,117944.0,19.7,800,65.0,5,224400
2019,Honda,Diesel,Automatic,Second Owner,94922.0,28.9,2200,58.2,5,434000
2015,Hyundai,Diesel,Automatic,First Owner,143767.0,11.1,2000,150.0,5,374600
2012,Maruti,Diesel,Manual,Third Owner,149868.0,28.6,1500,171.1,5,165300
2011,Tata,Petrol,Manual,Third Owner,174615.0,,2000,126.3,5,76900
2023,Tata,Diesel,Automatic,Fourth & Above Owner,146631.0,20.9,2500,58.2,5,441000
2015,Hyundai,Petrol,Manual,Second Owner,165211.0,27.8,1800,130.3,5,244000
2015,Tata,Diesel,Automatic,Second Owner,121494.0,15.3,800,190.4,5,338500
2008,MG,Diesel,Automatic,First Owner,9802.0,19.4,800,139.6,5,278800
2012,Maruti,Diesel,Manual,First Owner,172277.0,16.5,1500,171.4,5,244000
2007,Volkswagen,Diesel,Automatic,First Owner,35159.0,29.0,800,170.0,8,239500
2006,Tata,Diesel,Manual,Second Owner,12516.0,26.5,1800,189.8,5,146800
2016,Honda,Petrol,Manual,Third Owner,51492.0,24.2,1800,165.5,7,244200
2010,MG,Petrol,Manual,First Owner,30086.0,21.8,1800,162.2,5,254900
2006,Tata,CNG,Manual,Third Owner,114758.0,26.4,1000,85.1,7,50000
2005,MG,Petrol,Automatic,Second Owner,31480.0,17.8,1800,59.0,8,91100
2016,Kia,Petrol,Automatic,Second Owner,184163.0,19.0,1800,127.6,5,311200
2016,Volkswagen,Petrol,Automatic,First Owner,129023.0,24.6,1000,68.7,5,384000
2021,Ford,Petrol,Manual,First Owner,,17.2,2000,194.3,5,-9223372036854775808
2014,Honda,Electric,Manual,Second Owner,179838.0,11.3,2500,93.5,5,352800
2020,Honda,Diesel,Automatic,Second Owner,39737.0,11.5,1200,177.9,5,529100
2019,Maruti,Electric,Manual,First Owner,10265.0,12.3,800,108.1,7,633400
2019,MG,Diesel,Automatic,Second Owner,115165.0,27.4,1800,98.5,5,435100
2023,Hyundai,Petrol,Automatic,Third Owner,120501.0,19.4,800,190.3,5,428900
2016,Honda,Petrol,Automatic,Third Owner,71990.0,24.3,1500,104.5,5,252600
2007,MG,Diesel,Automatic,Third Owner,16386.0,17.9,800,108.5,5,149900
2009,MG,Petrol,Manual,First Owner,105718.0,15.2,2200,65.9,8,170500
2023,Toyota,CNG,Automatic,First Owner,38425.0,16.9,2000,150.6,7,608500
2011,Toyota,CNG,Manual,Second Owner,122635.0,25.9,2500,93.3,5,170900
2013,Ford,Petrol,Automatic,First Owner,175326.0,22.5,1000,137.8,5,294000
2011,Kia,Electric,Manual,First Owner,54634.0,28.8,800,138.7,5,383700
2022,Ford,CNG,Automatic,First Owner,179734.0,23.6,800,157.9,7,512900
2008,Tata,Diesel,Automatic,First Owner,87988.0,21.4,800,161.8,5,225400
2018,Hyundai,Petrol,Manual,First Owner,107337.0,22.2,1200,127.2,5,411900
2022,Tata,Petrol,Manual,First Owner,142215.0,28.8,1200,99.6,7,449700
2013,Renault,Diesel,Automatic,First Owner,147653.0,25.8,1500,175.6,5,335900
2006,Tata,Petrol,Manual,First Owner,68443.0,10.5,1000,96.5,7,76100
2019,Maruti,Petrol,Manual,Second Owner,30424.0,20.7,800,126.1,5,404400
2011,Tata,Diesel,Manual,Second Owner,89844.0,23.8,800,110.2,8,238900
2016,Ford,Petrol,Manual,Second Owner,42984.0,25.0,800,178.3,5,318100
2012,Honda,Diesel,Automatic,First Owner,,14.3,800,114.8,5,-9223372036854775808
2019,Honda,Electric,Manual,First Owner,103478.0,27.3,1200,107.9,5,590200
2007,Toyota,CNG,Manual,Second Owner,63699.0,29.1,2000,153.5,7,91100
2018,Hyundai,Petrol,Manual,Second Owner,159029.0,14.7,2000,140.4,5,310700
2021,Hyundai,CNG,Manual,Second Owner,157536.0,27.7,1500,66.1,5,397100
2008,Maruti,Petrol,Manual,First Owner,115012.0,11.9,2200,126.2,5,195200
2022,Ford,Petrol,Manual,Third Owner,155721.0,11.1,1800,160.3,5,395200
2012,Toyota,Diesel,Manual,First Owner,174137.0,12.6,1000,198.8,5,286200
2008,Renault,Petrol,Manual,First Owner,35758.0,11.2,2000,144.4,7,190800
2006,Hyundai,Petrol,Automatic,Second Owner,137668.0,26.9,2200,105.5,5,64500
2010,Honda,Diesel,Manual,Second Owner,17374.0,11.2,2500,83.9,5,193400
2014,Tata,Petrol,Automatic,First Owner,119686.0,15.4,2500,180.9,5,306600
2008,Tata,Petrol,Manual,First Owner,4775.0,12.1,800,172.2,5,188000
2022,Toyota,Petrol,Manual,Second Owner,28388.0,15.9,2500,85.1,5,448300
2016,Ford,Diesel,Automatic,First Owner,124800.0,11.8,2000,80.1,5,394500
2006,Ford,Diesel,Manual,First Owner,22029.0,23.4,1500,157.3,5,149400
2014,Kia,Petrol,Automatic,First Owner,84981.0,12.7,1800,97.2,5,336700
2008,Volkswagen,Petrol,Automatic,Third Owner,54639.0,27.0,2000,96.0,8,119100
2018,Hyundai,Petrol,Manual,First Owner,115010.0,26.3,1500,72.8,5,414600
2020,Ford,Petrol,Automatic,Fourth & Above Owner,146717.0,10.3,2500,89.6,5,314900
2019,Honda,Diesel,Automatic,Second Owner,32105.0,27.9,1200,114.1,7,469700
2012,Toyota,Petrol,Manual,Fourth & Above Owner,145740.0,10.6,1800,159.9,7,50000
2018,Renault,Petrol,Manual,Third Owner,148032.0,14.8,1500,100.4,5,240800
2012,Kia,Diesel,Manual,First Owner,,10.6,2200,99.3,5,-9223372036854775808
2020,MG,Diesel,Automatic,First Owner,143429.0,16.7,2000,92.7,7,490500
2017,Maruti,Diesel,Automatic,First Owner,196676.0,20.3,1200,121.7,5,403500
2022,Renault,Petrol,Automatic,First Owner,103739.0,25.9,2200,77.1,5,507800
2019,MG,Petrol,Automatic,Second Owner,52796.0,16.8,1500,122.8,5,435400
2017,Tata,Petrol,Manual,First Owner,16804.0,24.1,1500,155.6,5,412000
2013,Maruti,Petrol,Manual,First Owner,128732.0,13.8,2500,54.5,5,260800
2019,Hyundai,Diesel,Automatic,First Owner,146698.0,25.0,2200,51.5,7,504500
2017,Honda,CNG,Manual,Third Owner,160204.0,14.7,2000,61.3,5,221300
2005,Maruti,Diesel,Automatic,First Owner,8951.0,12.9,1800,130.3,5,208900
2011,Volkswagen,Diesel,Manual,First Owner,138521.0,13.7,1200,178.2,5,255500
2013,MG,Petrol,Manual,First Owner,20065.0,13.6,2500,50.7,5,308300
2005,Hyundai,Diesel,Automatic,Third Owner,,20.3,800,190.5,7,-9223372036854775808
2016,Volkswagen,Petrol,Automatic,Second Owner,106072.0,26.9,1000,65.9,5,344500
2012,Tata,Diesel,Manual,First Owner,141202.0,11.6,1800,176.3,8,260500
2015,Volkswagen,Petrol,Automatic,First Owner,90360.0,24.1,2500,122.4,5,356200
2023,Kia,Petrol,Manual,First Owner,63287.0,23.1,1200,148.9,5,549000
2021,Kia,Petrol,Automatic,First Owner,183774.0,27.5,2200,126.6,7,457700
2012,Toyota,Electric,Automatic,Third Owner,169065.0,14.9,1500,121.6,5,307200
2007,Renault,Petrol,Automatic,Second Owner,163947.0,19.0,2200,175.2,5,78700
2007,Renault,Petrol,Automatic,First Owner,138126.0,28.5,2500,163.4,7,172600
2005,Hyundai,Petrol,Manual,Third Owner,108357.0,23.2,1200,122.5,5,50000
2009,Tata,Diesel,Manual,First Owner,180589.0,17.8,2200,66.7,7,182300
2014,Ford,Diesel,Automatic,Second Owner,30670.0,12.6,2200,67.3,8,346500
2011,Kia,Diesel,Manual,Third Owner,50112.0,15.2,1000,170.2,5,212000
2013,Hyundai,Petrol,Automatic,First Owner,89388.0,21.6,2000,129.4,5,278000
2011,Ford,Diesel,Manual,Second Owner,90156.0,24.4,2500,122.2,5,236800
2013,Renault,Petrol,Automatic,First Owner,160379.0,12.5,1000,152.1,5,262200
2012,Toyota,CNG,Automatic,First Owner,199159.0,22.0,2500,178.8,7,215700
2016,Volkswagen,Diesel,Automatic,First Owner,48922.0,21.0,800,144.3,7,426600
2006,Kia,Petrol,Manual,First Owner,195152.0,20.3,800,164.4,5,50000
2005,Hyundai,Petrol,Automatic,Second Owner,94348.0,23.8,1000,164.8,5,79500
2020,Maruti,Petrol,Manual,Third Owner,80335.0,26.7,1800,103.4,5,359300
2009,Ford,Petrol,Manual,Second Owner,27312.0,16.5,1800,91.1,5,173900
2007,Volkswagen,Petrol,Automatic,Third Owner,,27.8,2200,170.2,7,-9223372036854775808
2016,Kia,Diesel,Automatic,Third Owner,131744.0,,2200,106.6,5,319400
2012,Renault,Petrol,Automatic,First Owner,189680.0,13.5,1500,185.5,7,224000
2007,Tata,Petrol,Manual,First Owner,101963.0,15.3,800,60.5,5,133400
2005,Ford,Petrol,Manual,First Owner,172349.0,12.4,2500,58.7,7,50000
2007,Renault,Petrol,Manual,Second Owner,32551.0,14.6,1500,189.1,5,98600
2009,Kia,CNG,Manual,Third Owner,90813.0,12.1,800,147.3,5,50000
2019,Ford,Petrol,Manual,First Owner,188669.0,26.4,1000,106.9,5,399200
2018,Volkswagen,Diesel,Automatic,Second Owner,102025.0,12.8,1800,163.3,7,421300
2007,Kia,CNG,Manual,Second Owner,125342.0,24.9,2200,150.8,5,66000
2005,MG,Diesel,Automatic,Second Owner,177284.0,11.0,1800,129.7,5,50000
2009,Hyundai,CNG,Automatic,First Owner,10637.0,29.0,1000,64.8,5,258400
2018,Volkswagen,Petrol,Automatic,First Owner,44258.0,24.2,1500,171.8,5,442600
2011,Ford,Electric,Automatic,First Owner,167765.0,10.1,1500,179.9,5,368300
2013,Tata,Petrol,Automatic,First Owner,141896.0,25.3,1200,75.8,8,301600
2019,Renault,Petrol,Manual,First Owner,130553.0,20.3,2200,177.6,5,425500
2019,Maruti,Diesel,Manual,Second Owner,27950.0,25.6,2200,181.7,5,460600
2014,Renault,Electric,Manual,First Owner,155560.0,20.4,2500,132.4,5,386900
2017,Ford,CNG,Manual,Third Owner,128870.0,22.8,2200,148.4,5,320400
2023,Renault,Petrol,Automatic,Second Owner,1215.0,25.7,800,107.3,5,589300
2011,Hyundai,Petrol,Manual,Second Owner,106603.0,18.1,1500,92.3,5,186200
2021,Kia,Electric,Automatic,First Owner,12523.0,10.1,1000,158.3,5,683700
2008,Maruti,Petrol,Automatic,Second Owner,69689.0,27.0,1500,179.3,5,142900
2009,Honda,Diesel,Manual,Third Owner,24834.0,17.6,1800,148.1,7,151700
2011,Ford,CNG,Automatic,First Owner,,19.9,800,126.7,5,-9223372036854775808
2017,Toyota,Petrol,Manual,First Owner,44066.0,10.2,2200,73.8,8,408200
2019,Honda,Petrol,Manual,Second Owner,11400.0,19.8,2500,58.0,5,403600
2015,Renault,Petrol,Automatic,First Owner,126211.0,29.7,2500,116.9,5,332500
2008,Ford,Petrol,Manual,First Owner,11345.0,15.6,2500,57.4,5,216800
2017,MG,CNG,Automatic,First Owner,34896.0,17.9,2000,135.4,5,469600
2011,Toyota,Petrol,Manual,First Owner,29899.0,23.7,1200,107.4,8,290600
2023,Maruti,CNG,Manual,Second Owner,29229.0,26.3,800,163.6,7,525500
2006,Tata,Petrol,Automatic,First Owner,6583.0,18.3,1800,95.8,5,171700
2014,MG,Electric,Manual,Third Owner,136969.0,16.2,2200,138.9,5,266700
2017,Honda,Petrol,Manual,Second Owner,72537.0,28.8,1800,130.7,5,344700
2010,Kia,Petrol,Manual,Second Owner,136639.0,23.5,1800,50.7,5,131600
2016,Hyundai,Petrol,Automatic,Second Owner,75807.0,12.4,2200,60.9,5,344900
2016,Tata,Diesel,Manual,Third Owner,130648.0,11.4,1800,93.6,8,285800
2015,MG,Diesel,Manual,First Owner,113652.0,19.7,2500,182.3,8,341600
2011,Kia,CNG,Manual,Third Owner,145401.0,14.4,1000,72.1,8,113400
2005,Kia,Petrol,Manual,Second Owner,72792.0,15.1,1200,156.6,7,51200
2005,Ford,Petrol,Automatic,Second Owner,,27.6,2000,196.0,5,-9223372036854775808
2017,MG,Diesel,Automatic,Second Owner,38052.0,11.8,1800,168.6,5,454900
2013,Maruti,Petrol,Manual,First Owner,189841.0,24.3,1800,86.4,5,242200
2007,Renault,Petrol,Automatic,First Owner,47032.0,15.4,1500,186.3,5,173300
2011,Toyota,Electric,Manual,Second Owner,34686.0,,1200,64.0,5,356200
2010,Toyota,Electric,Automatic,First Owner,77981.0,24.4,800,120.2,7,392800
2012,Honda,Electric,Automatic,Second Owner,99802.0,10.1,1200,183.1,7,382300
2013,Honda,Diesel,Manual,First Owner,195333.0,20.2,1200,146.2,8,297300
2009,Toyota,Petrol,Automatic,First Owner,134881.0,12.8,2200,112.0,7,200400
2005,Maruti,Petrol,Automatic,First Owner,173857.0,27.3,2200,93.9,8,109600
2023,Hyundai,Diesel,Manual,First Owner,168619.0,27.4,2200,106.3,5,584800
2014,Volkswagen,CNG,Manual,Second Owner,43818.0,,2000,126.3,7,279700
2016,Renault,Petrol,Manual,First Owner,101422.0,18.9,2500,97.9,5,272600
2019,Hyundai,Petrol,Automatic,Fourth & Above Owner,72927.0,16.1,1200,195.3,5,343300
2013,Ford,Petrol,Automatic,Second Owner,,24.3,2000,190.0,8,-9223372036854775808
2021,Volkswagen,Diesel,Automatic,First Owner,80465.0,17.2,1800,180.6,7,548700
2021,Volkswagen,CNG,Automatic,Second Owner,114221.0,15.4,2200,113.3,5,439900
2016,MG,Diesel,Automatic,Third Owner,38333.0,18.6,1800,153.7,5,351900
2011,Maruti,Petrol,Automatic,Second Owner,127457.0,11.8,2200,185.4,5,203500
2006,Maruti,Electric,Automatic,First Owner,17576.0,24.9,1000,177.6,5,290000
2007,Volkswagen,Diesel,Manual,Third Owner,120875.0,10.3,2000,112.1,8,50000
2021,MG,Petrol,Manual,Second Owner,40405.0,22.9,2000,66.9,5,461700
2009,Renault,Petrol,Automatic,First Owner,95000.0,13.7,2500,61.3,5,220000
2021,Volkswagen,Petrol,Manual,First Owner,32601.0,14.6,800,136.6,5,521500
2021,Tata,Petrol,Automatic,Second Owner,68946.0,22.7,1500,146.4,5,454800
2021,Honda,Electric,Manual,First Owner,,29.9,1200,177.5,5,-9223372036854775808
2006,Honda,Petrol,Manual,Third Owner,53116.0,25.6,800,93.9,8,50000
2006,Hyundai,CNG,Automatic,First Owner,105186.0,14.5,2000,75.1,5,132200
2009,Ford,Petrol,Manual,Third Owner,63894.0,13.5,800,106.9,5,122800
2005,Honda,Petrol,Manual,Second Owner,166707.0,27.3,1000,103.0,5,50000
2005,Kia,Petrol,Manual,First Owner,8465.0,18.9,1500,69.9,5,116400
2023,Hyundai,Petrol,Automatic,First Owner,57754.0,12.7,2500,150.8,7,549500
2006,Honda,Petrol,Manual,Second Owner,93850.0,27.2,2000,126.3,5,50000
2016,Ford,Electric,Automatic,Second Owner,110765.0,26.3,2000,158.2,7,494000
2010,Maruti,Diesel,Manual,Second Owner,93691.0,29.7,1200,102.9,5,214000
2008,Maruti,Diesel,Automatic,First Owner,39871.0,28.2,2500,98.9,5,269100
2015,Renault,Petrol,Automatic,First Owner,194946.0,27.0,2500,120.9,5,325900
2021,Volkswagen,Petrol,Manual,First Owner,30511.0,11.1,2200,181.6,5,500200
2010,Tata,Petrol,Manual,Second Owner,81960.0,12.1,1500,56.0,7,150400
2009,Maruti,Diesel,Manual,First Owner,180893.0,21.4,1000,170.7,5,228300
2006,MG,Petrol,Automatic,First Owner,66776.0,20.6,1800,105.3,5,141700
2010,Honda,Petrol,Manual,Second Owner,45462.0,19.2,800,178.2,5,192000
2015,MG,Diesel,Manual,Third Owner,193454.0,17.9,2500,170.3,5,228400
2020,Ford,Petrol,Manual,First Owner,33574.0,18.6,1200,102.3,8,446200
2020,Maruti,Petrol,Manual,First Owner,103072.0,21.4,2000,154.1,5,407600
2005,Tata,Petrol,Manual,Second Owner,173982.0,10.0,1800,73.9,5,50000
2013,Ford,Electric,Automatic,Second Owner,157258.0,15.2,1000,184.4,8,397500
2010,Kia,Diesel,Automatic,First Owner,154885.0,20.4,1500,110.7,5,268300
2020,Kia,Petrol,Manual,Third Owner,79282.0,24.4,2500,118.3,5,378600
2007,MG,Petrol,Manual,Third Owner,110779.0,13.5,800,155.9,5,50000
2008,Volkswagen,Electric,Manual,First Owner,19557.0,20.9,2500,173.1,7,372500
2023,Hyundai,Diesel,Automatic,First Owner,160132.0,,1200,85.5,7,555600
2007,Volkswagen,Petrol,Automatic,Second Owner,190938.0,18.9,2500,149.2,5,63800
2023,Renault,CNG,Automatic,Second Owner,73104.0,10.5,2500,108.8,5,518200
2011,Volkswagen,Petrol,Automatic,First Owner,138152.0,19.0,2500,105.3,8,232400
2013,Renault,Diesel,Manual,Second Owner,145926.0,15.9,2000,153.5,5,278800
2005,Renault,Diesel,Automatic,Second Owner,123013.0,28.6,2000,108.1,5,79400
2012,Tata,Petrol,Automatic,First Owner,199767.0,12.5,1800,101.9,5,203100
2011,Maruti,Electric,Manual,Second Owner,159097.0,23.0,1800,175.4,7,295900
2022,Tata,Diesel,Automatic,Third Owner,185054.0,11.1,800,65.2,5,429500
2012,Renault,Diesel,Manual,First Owner,42081.0,18.9,1500,151.4,5,396500
2005,Ford,Petrol,Automatic,First Owner,136440.0,21.1,1000,87.3,5,100300
2015,Kia,Petrol,Manual,First Owner,120181.0,16.0,2200,52.3,5,306700
2022,Renault,Petrol,Manual,Third Owner,28094.0,19.1,1500,75.0,7,414800
2014,Tata,Diesel,Automatic,Fourth & Above Owner,178112.0,13.3,1500,141.0,5,153300
2007,Ford,Petrol,Manual,First Owner,67766.0,16.1,1500,156.4,5,120600
2011,Tata,Diesel,Manual,Second Owner,84053.0,22.4,2200,53.2,5,235300
2020,Volkswagen,Diesel,Manual,Second Owner,156063.0,16.0,800,55.5,5,450500
2020,Honda,Petrol,Automatic,Second Owner,2301.0,28.0,2200,185.4,7,501300
2021,MG,Diesel,Manual,First Owner,160682.0,22.6,800,61.0,5,499200
2006,Hyundai,Petrol,Manual,First Owner,82463.0,18.8,2200,184.1,7,102300
2005,Tata,Electric,Automatic,First Owner,166750.0,10.8,1000,84.2,5,227000
2020,Hyundai,Petrol,Automatic,Second Owner,25466.0,20.0,2500,161.0,5,456900
2016,Toyota,Petrol,Manual,First Owner,172947.0,25.3,1500,96.5,5,347900
2009,Tata,Petrol,Automatic,Third Owner,27081.0,15.3,2500,178.8,5,137700
2009,Honda,Petrol,Automatic,First Owner,25354.0,26.1,800,155.1,5,240600
2013,Hyundai,Diesel,Automatic,First Owner,94297.0,15.0,2200,110.3,7,313500
2013,Renault,Diesel,Manual,Second Owner,19300.0,26.5,1000,61.4,5,311400
2007,Tata,Diesel,Manual,Second Owner,65384.0,11.7,2200,159.9,5,159000
2023,Maruti,Petrol,Manual,First Owner,96027.0,27.3,2500,142.5,7,505600
2020,MG,Petrol,Manual,First Owner,122684.0,20.0,2000,50.4,7,423600
2020,Honda,Petrol,Manual,Fourth & Above Owner,,15.9,1000,51.4,5,-9223372036854775808
2007,Hyundai,Diesel,Manual,First Owner,36525.0,15.3,1500,171.3,5,177200
2005,Honda,CNG,Automatic,First Owner,,18.6,1200,88.9,5,-9223372036854775808
2015,Ford,Petrol,Manual,Third Owner,7464.0,30.0,1500,145.4,7,260600
2021,MG,Petrol,Manual,First Owner,17562.0,14.4,1200,118.1,7,508400
2012,Renault,Diesel,Automatic,First Owner,108392.0,12.1,1000,179.5,7,303300
2008,Tata,CNG,Manual,First Owner,56514.0,21.7,2000,187.5,7,179300
2010,Tata,Diesel,Manual,First Owner,114428.0,19.8,2500,199.5,5,292000
2012,Tata,CNG,Automatic,First Owner,113564.0,20.5,2000,73.1,7,288800
2007,MG,Petrol,Manual,First Owner,109047.0,23.3,800,179.4,5,103200
2020,Maruti,Petrol,Automatic,First Owner,33634.0,,2000,89.9,5,535900
2007,Toyota,CNG,Automatic,First Owner,1060.0,28.2,1800,138.6,5,198100
2022,Kia,Diesel,Manual,Second Owner,10269.0,18.7,1000,125.9,8,572400
2018,Volkswagen,Petrol,Automatic,First Owner,195215.0,12.6,2500,52.7,7,398500
2022,Hyundai,Diesel,Manual,First Owner,24065.0,24.8,2500,189.9,5,529100
2006,Maruti,CNG,Manual,Third Owner,3895.0,22.9,800,61.7,7,50000
2007,Renault,Diesel,Manual,Second Owner,81859.0,16.3,2500,153.2,7,153000
2020,Hyundai,Diesel,Manual,First Owner,144424.0,22.4,2000,167.8,5,480800
2013,Tata,Petrol,Automatic,Third Owner,181809.0,14.4,1000,169.3,5,143600
2008,Honda,Diesel,Manual,First Owner,105127.0,18.9,1500,70.3,7,184800
2005,Renault,Diesel,Manual,First Owner,97426.0,28.0,2000,117.1,5,88200
2008,Hyundai,CNG,Manual,Second Owner,164088.0,12.7,2200,174.4,5,66200
2005,Tata,CNG,Manual,Second Owner,193376.0,17.7,1200,95.4,7,50000
2018,Hyundai,CNG,Manual,First Owner,12962.0,26.4,1000,120.2,8,459600
2020,Honda,Petrol,Manual,First Owner,34302.0,29.4,2500,90.9,5,526700
2012,Tata,Diesel,Automatic,Second Owner,86382.0,19.1,800,119.5,7,304500
2011,Toyota,Diesel,Manual,First Owner,5011.0,20.1,1500,183.2,5,343000
2007,Maruti,Diesel,Manual,Third Owner,130716.0,21.4,1800,118.3,5,99100
2021,Ford,Diesel,Manual,First Owner,20782.0,28.6,1500,133.4,5,572200
2005,Volkswagen,CNG,Manual,Third Owner,199763.0,27.2,2000,110.6,5,50000
2020,MG,Petrol,Automatic,Second Owner,121654.0,13.4,1200,119.0,7,439800
2016,Volkswagen,Diesel,Manual,Third Owner,171797.0,18.7,1500,52.3,5,293200
2023,Renault,Petrol,Manual,Second Owner,10196.0,19.3,1800,92.6,5,510300
2018,Volkswagen,Petrol,Manual,Second Owner,44459.0,25.8,2200,115.5,5,363300
2010,Tata,Diesel,Automatic,First Owner,88245.0,22.1,800,145.1,8,288700
2010,Toyota,Diesel,Automatic,First Owner,79863.0,23.1,1000,117.5,5,306700
2017,Ford,Petrol,Manual,First Owner,124206.0,30.0,1200,100.7,5,378900
2023,Maruti,Petrol,Automatic,Third Owner,102010.0,11.5,1800,108.2,5,425500
2012,Maruti,Diesel,Automatic,Third Owner,33769.0,14.5,2500,86.3,7,301300
2006,Honda,Petrol,Automatic,First Owner,108529.0,18.2,2000,188.7,5,112900
2005,MG,Petrol,Automatic,First Owner,25700.0,17.0,2000,128.3,5,136800
2019,Hyundai,Petrol,Manual,First Owner,6269.0,10.4,2000,52.0,5,453800
2005,Toyota,Petrol,Manual,Second Owner,122631.0,11.8,2500,52.9,7,67700
2009,Hyundai,Petrol,Manual,First Owner,44880.0,23.6,2500,195.9,5,207400
2020,Ford,Petrol,Manual,Second Owner,115003.0,27.6,1200,83.2,5,375500
2023,Volkswagen,Petrol,Automatic,Fourth & Above Owner,140392.0,20.3,1500,170.8,5,402100
2008,Maruti,CNG,Manual,First Owner,50589.0,20.8,1200,58.7,5,190100
2007,Ford,Diesel,Manual,First Owner,36897.0,15.1,2000,188.2,7,202800
2021,Volkswagen,Diesel,Automatic,First Owner,190637.0,25.4,2200,181.2,5,526500
2021,Maruti,Petrol,Manual,First Owner,163002.0,25.0,1800,135.7,8,427000
2016,Volkswagen,Petrol,Manual,First Owner,189305.0,21.8,1000,51.3,8,295500
2018,MG,Diesel,Manual,First Owner,15380.0,14.3,1000,88.7,5,452100
2010,Toyota,Petrol,Manual,Third Owner,71934.0,11.9,1200,111.0,7,87600
2007,Renault,Petrol,Automatic,First Owner,56830.0,11.3,2000,119.0,7,212700
2013,Ford,Diesel,Manual,First Owner,6529.0,21.9,2500,94.7,7,404600
2009,Ford,Diesel,Manual,Third Owner,95598.0,26.5,800,54.9,5,128500
2021,Kia,Petrol,Manual,Second Owner,83987.0,27.2,2200,138.5,5,466300
2018,Tata,Petrol,Manual,First Owner,50178.0,19.3,1200,128.6,5,421700
2007,MG,Diesel,Automatic,Second Owner,139009.0,25.7,2000,92.5,7,130600
2005,MG,Petrol,Manual,First Owner,122952.0,28.9,1500,55.7,5,64700
2005,Hyundai,Diesel,Manual,Second Owner,40886.0,15.5,1000,199.2,5,102100
2007,Volkswagen,Diesel,Automatic,Second Owner,50699.0,18.0,1000,122.3,5,175300
2022,Tata,Electric,Automatic,Second Owner,77396.0,28.6,2200,163.4,5,664200
2014,Toyota,Petrol,Manual,First Owner,91678.0,16.8,1000,117.8,5,307200
2007,Toyota,CNG,Manual,Third Owner,26279.0,28.3,800,56.5,5,76100
2012,MG,Diesel,Automatic,First Owner,170178.0,29.6,2000,96.4,5,315500
2018,Toyota,Petrol,Automatic,First Owner,111776.0,23.2,2000,98.0,8,431900
2022,Kia,Petrol,Manual,First Owner,102444.0,26.3,2200,175.8,5,479400
2019,Ford,Diesel,Automatic,First Owner,107300.0,25.0,2000,148.1,7,474300
2006,Honda,Petrol,Manual,First Owner,114793.0,24.0,2500,91.3,5,95600
2014,Renault,Petrol,Manual,Third Owner,117278.0,16.1,2200,195.2,5,187900
2006,Hyundai,Petrol,Manual,Third Owner,172616.0,11.1,2000,98.2,7,50000
2021,Volkswagen,CNG,Manual,First Owner,104247.0,16.9,800,199.7,7,472600
2012,Renault,Diesel,Automatic,First Owner,9997.0,23.3,1800,199.4,5,426700
2005,Volkswagen,Diesel,Manual,First Owner,107102.0,12.1,1200,78.7,8,94800
2013,Maruti,Petrol,Manual,First Owner,86711.0,10.2,1200,96.9,8,241800
2015,Renault,Petrol,Automatic,First Owner,117045.0,12.8,2000,122.9,8,353100
2020,Honda,Diesel,Manual,Third Owner,41860.0,24.3,1500,149.6,5,421500
2011,MG,Petrol,Manual,First Owner,,29.5,1000,129.2,5,-9223372036854775808
2014,Kia,Petrol,Manual,First Owner,111114.0,29.7,800,195.4,5,306100
2007,Ford,Diesel,Manual,First Owner,191542.0,19.9,1500,158.6,5,154900
2022,Ford,Electric,Manual,Third Owner,114218.0,27.4,2500,81.8,5,512700
2017,Kia,Diesel,Automatic,Second Owner,101764.0,24.7,1500,65.8,7,393000
2011,Tata,Diesel,Manual,Third Owner,108041.0,20.0,2000,153.3,5,179600
2008,Maruti,Electric,Manual,Second Owner,113224.0,21.5,800,73.8,5,258800
2017,Volkswagen,Petrol,Automatic,First Owner,,12.7,1200,168.2,5,-9223372036854775808
2005,Honda,Diesel,Automatic,First Owner,183952.0,28.8,1000,96.7,7,132100
2012,Toyota,Electric,Manual,Second Owner,193150.0,17.0,1200,99.0,5,302300
2018,Renault,Petrol,Manual,First Owner,77290.0,18.9,1500,51.6,7,393500
2020,Maruti,Diesel,Manual,Second Owner,57633.0,23.4,2500,155.2,5,459900
2018,Renault,Diesel,Manual,First Owner,27655.0,16.7,1000,67.0,7,474300
2016,Honda,Diesel,Manual,First Owner,122118.0,15.1,1800,165.9,8,402000
2023,Hyundai,Diesel,Manual,Second Owner,175673.0,22.6,1500,123.8,5,492300
2019,Hyundai,Electric,Automatic,Second Owner,4114.0,10.5,1200,167.6,8,576500
2006,Maruti,Diesel,Manual,Second Owner,27502.0,24.4,1200,137.6,5,127500
2006,MG,Petrol,Automatic,First Owner,50768.0,20.3,2000,62.4,5,172200
2023,Honda,CNG,Manual,Second Owner,49128.0,22.1,1200,164.8,5,507500
2021,Honda,Petrol,Automatic,First Owner,152100.0,22.6,800,60.5,5,490300
2014,Kia,Petrol,Automatic,First Owner,187637.0,20.5,1500,121.8,7,293800
2010,MG,Petrol,Automatic,First Owner,84123.0,21.7,2200,75.9,5,270500
2019,Volkswagen,Petrol,Manual,First Owner,109255.0,23.7,2200,162.9,5,425100
2015,Volkswagen,Petrol,Manual,First Owner,167405.0,25.1,2500,186.7,5,283600
2009,Toyota,Electric,Manual,First Owner,4174.0,24.5,1000,133.1,5,354600
2005,Ford,Diesel,Automatic,First Owner,118769.0,27.4,1200,129.1,5,150600
2012,Hyundai,Diesel,Manual,First Owner,36398.0,13.8,2000,164.6,7,283000
2016,Volkswagen,Petrol,Manual,First Owner,168001.0,18.0,2000,50.8,5,312300
2016,MG,Electric,Manual,First Owner,136393.0,29.0,1200,187.7,5,477700
2009,Honda,Electric,Manual,First Owner,124549.0,17.9,800,79.6,5,285400
2011,Volkswagen,Diesel,Manual,Second Owner,187493.0,12.5,2000,197.6,5,162700
2008,Honda,Petrol,Manual,First Owner,73635.0,20.5,2200,160.4,5,179400
2010,Volkswagen,Petrol,Automatic,First Owner,24760.0,12.2,1000,166.1,7,272200
2017,Hyundai,Petrol,Automatic,First Owner,143432.0,14.1,1500,148.4,5,385300
2019,Renault,Petrol,Automatic,Second Owner,142385.0,30.0,1800,120.7,5,389900
2007,Volkswagen,Petrol,Manual,Third Owner,131674.0,20.8,800,135.7,5,50000
2012,MG,Electric,Automatic,Second Owner,137873.0,15.7,2500,57.0,5,385900
2020,Volkswagen,Petrol,Automatic,Second Owner,15130.0,29.9,2500,143.6,7,474900
2017,Ford,Petrol,Automatic,First Owner,146343.0,29.3,2000,143.9,5,352700
2022,Hyundai,Petrol,Automatic,Second Owner,148147.0,18.8,1500,183.7,5,488500
2014,MG,Petrol,Manual,Second Owner,108215.0,15.2,1800,125.8,7,253300
2023,Kia,Petrol,Automatic,First Owner,151056.0,26.8,2500,61.6,5,517700
2021,MG,Petrol,Manual,First Owner,89095.0,24.3,1200,95.9,5,455400
2023,Ford,Petrol,Manual,First Owner,,23.7,1200,148.3,5,-9223372036854775808
2009,Renault,Diesel,Manual,Third Owner,144933.0,27.9,1000,85.9,5,100200
2013,Hyundai,Electric,Automatic,Second Owner,99970.0,23.8,1800,92.1,7,436500
2016,Kia,Petrol,Automatic,Second Owner,83203.0,15.7,1200,173.1,5,331500
2005,Ford,Petrol,Automatic,First Owner,193319.0,23.9,2500,137.6,7,50000
2005,Ford,CNG,Automatic,First Owner,153049.0,16.1,1200,126.3,5,96400
2019,Maruti,Petrol,Manual,First Owner,182689.0,25.2,2200,97.8,7,402200
2006,Hyundai,Petrol,Manual,First Owner,189545.0,22.4,2000,159.6,5,58600
2020,MG,CNG,Manual,Third Owner,89177.0,11.5,2500,93.2,5,368900
2012,Honda,Petrol,Manual,Second Owner,73902.0,20.3,2500,160.6,5,212300
2017,Renault,Diesel,Manual,First Owner,93172.0,16.9,2500,60.5,5,433100
2005,Honda,Diesel,Manual,Third Owner,147702.0,16.6,1000,179.7,5,50000
2020,MG,Petrol,Manual,First Owner,21056.0,22.0,1500,124.9,7,502000
2011,MG,Petrol,Automatic,Fourth & Above Owner,139454.0,16.4,2500,115.8,8,81900
2009,Hyundai,Diesel,Manual,First Owner,56739.0,25.5,1200,141.7,5,273700
2007,MG,Petrol,Automatic,First Owner,82685.0,11.4,2200,143.6,5,116400
2016,Maruti,Petrol,Automatic,First Owner,49639.0,23.2,2500,69.8,7,446200
2020,Kia,Diesel,Manual,First Owner,191910.0,26.2,800,163.4,5,419900
2023,MG,Diesel,Manual,First Owner,178113.0,23.5,800,91.4,8,523400
2009,Honda,Petrol,Manual,Second Owner,1992.0,19.9,1500,185.7,5,173200
2018,MG,CNG,Manual,Third Owner,73394.0,29.0,1800,172.7,5,310400
2009,Maruti,Petrol,Automatic,Second Owner,68657.0,16.0,1000,101.9,5,190800
2019,Volkswagen,CNG,Manual,First Owner,28160.0,10.4,2200,171.2,5,439800
2021,Volkswagen,Diesel,Manual,Second Owner,,18.6,2000,103.5,5,-9223372036854775808
2018,Ford,Diesel,Manual,First Owner,183447.0,10.7,2200,65.1,8,396700
2009,Renault,Petrol,Automatic,First Owner,87442.0,29.1,800,194.3,8,217200
2016,Toyota,Electric,Automatic,Second Owner,151644.0,,800,147.9,5,452900
2020,Kia,Petrol,Automatic,Second Owner,118925.0,25.8,1500,118.4,5,422400
2020,Tata,Diesel,Manual,First Owner,5136.0,25.5,1800,109.7,5,536400
2011,Ford,Petrol,Automatic,First Owner,62868.0,14.4,1800,98.7,7,263400
2008,Renault,Petrol,Automatic,Fourth & Above Owner,83263.0,22.4,1500,197.2,5,50000
2005,Volkswagen,Petrol,Automatic,First Owner,33167.0,11.0,2500,70.2,5,157300
2009,Honda,Electric,Automatic,First Owner,111957.0,19.7,2200,97.2,5,337100
2014,Tata,Electric,Manual,Second Owner,16479.0,10.3,800,122.8,5,424400
2009,Renault,Petrol,Automatic,First Owner,120392.0,28.4,2200,121.7,8,207100
2008,Renault,Petrol,Automatic,First Owner,163448.0,29.5,2200,120.7,5,147600
2006,Ford,Diesel,Manual,First Owner,136895.0,14.4,1000,76.4,5,148200
2014,Tata,Petrol,Manual,Second Owner,20585.0,14.2,800,71.7,5,271600
2023,Hyundai,Petrol,Automatic,Second Owner,149344.0,25.1,1800,88.2,5,444700
2005,Toyota,Diesel,Manual,Second Owner,27619.0,15.1,2000,187.2,5,100500
2009,Hyundai,Diesel,Manual,Fourth & Above Owner,76069.0,27.9,2200,67.0,5,71600
2017,Tata,Electric,Automatic,Second Owner,40895.0,21.5,800,163.6,5,533000
2008,Hyundai,Petrol,Manual,First Owner,4720.0,17.0,2200,163.6,5,184900
2020,Maruti,Petrol,Manual,First Owner,20267.0,26.7,1000,171.5,5,504700
2020,Volkswagen,Diesel,Manual,Second Owner,147768.0,19.9,2500,183.0,5,420400
2006,Maruti,Diesel,Manual,Second Owner,162040.0,,1200,89.5,7,72000
2021,MG,Diesel,Manual,Second Owner,54364.0,28.6,800,83.7,5,501000
2016,Hyundai,Diesel,Manual,Second Owner,155417.0,13.3,1500,119.8,5,326200
2022,MG,Petrol,Automatic,First Owner,52567.0,10.0,1200,89.8,5,553200
2007,Honda,CNG,Manual,First Owner,92229.0,29.7,2200,160.1,5,139100
2005,Kia,Petrol,Automatic,First Owner,193679.0,28.1,1500,145.4,5,50000
2005,Honda,Petrol,Automatic,First Owner,151457.0,11.1,1500,181.2,8,107300
2023,Tata,Diesel,Manual,First Owner,198972.0,26.7,1500,62.4,5,520800
2015,Renault,Petrol,Automatic,Second Owner,197497.0,19.2,800,187.3,5,230000
2009,Volkswagen,Petrol,Manual,Second Owner,79518.0,15.2,1800,94.0,7,139000
2016,Hyundai,CNG,Manual,First Owner,83844.0,27.6,2200,123.6,5,341100
2007,Ford,Petrol,Manual,First Owner,164991.0,13.9,1200,115.8,8,105800
2005,Kia,Diesel,Automatic,First Owner,91697.0,28.9,1000,164.0,5,203300
2005,Toyota,Petrol,Manual,First Owner,58196.0,14.1,1800,113.0,7,80200
2012,Toyota,Diesel,Manual,Second Owner,116600.0,22.3,2200,191.5,7,248300
2014,Toyota,Petrol,Automatic,Second Owner,101625.0,14.5,2500,185.4,8,244100
2015,Hyundai,Petrol,Manual,Second Owner,132567.0,20.9,2500,180.8,8,267800
2016,Toyota,Electric,Manual,Second Owner,45755.0,23.7,800,60.7,7,459400
2017,Maruti,Diesel,Manual,Second Owner,199756.0,13.8,1500,178.1,7,312600
2016,Kia,Petrol,Automatic,First Owner,34324.0,,1000,167.2,5,390800
2018,Maruti,Petrol,Automatic,First Owner,79929.0,19.4,2200,65.5,5,454700
2006,Renault,CNG,Manual,First Owner,133624.0,11.4,1200,66.1,5,103300
2023,Kia,Diesel,Manual,Fourth & Above Owner,52272.0,26.4,2200,65.2,8,449300
2022,Maruti,Diesel,Manual,First Owner,167925.0,16.7,1800,51.7,7,498700
2007,Kia,Diesel,Automatic,First Owner,164996.0,21.5,2500,132.3,8,204300
2021,Renault,Petrol,Manual,Third Owner,75462.0,20.3,2000,196.0,7,372300
2012,MG,Petrol,Manual,Third Owner,155961.0,20.3,1800,115.8,5,78800
2014,Hyundai,Diesel,Manual,Second Owner,55675.0,12.1,2200,131.1,5,331300
2006,Hyundai,Petrol,Manual,First Owner,74591.0,18.5,1000,195.2,5,90600
2023,Toyota,Petrol,Manual,First Owner,154706.0,19.0,2200,88.3,5,517400
2013,Honda,Electric,Manual,First Owner,33363.0,24.7,2200,178.8,5,450700
2011,Toyota,Diesel,Manual,First Owner,195824.0,26.8,800,132.0,8,239200
2008,Tata,Diesel,Automatic,First Owner,78004.0,20.9,1200,135.4,7,269000
2022,Maruti,Diesel,Manual,First Owner,188470.0,11.7,1000,101.5,5,481600
2017,Kia,Diesel,Automatic,Third Owner,41718.0,14.7,2200,134.2,5,372800
2015,Honda,Petrol,Manual,First Owner,114627.0,13.3,1500,61.0,5,316200
2008,Renault,Petrol,Automatic,Second Owner,27870.0,12.5,1200,164.7,5,196800
2008,Tata,Petrol,Automatic,Second Owner,38394.0,17.3,1800,92.7,5,147600
2014,Renault,Petrol,Manual,First Owner,53057.0,14.6,1000,183.1,5,311600
2009,Hyundai,Diesel,Manual,Second Owner,80795.0,14.4,1800,105.2,5,194200
2013,Hyundai,Petrol,Automatic,First Owner,81409.0,11.1,2500,71.4,5,302800
2007,Toyota,Petrol,Manual,First Owner,14016.0,10.4,2200,154.4,8,171000
2021,Maruti,Petrol,Automatic,Second Owner,43137.0,12.1,1800,74.7,5,452400
2007,Honda,Petrol,Manual,First Owner,132225.0,13.4,1800,163.1,5,153200
2020,Volkswagen,Petrol,Automatic,Fourth & Above Owner,139925.0,18.6,800,195.2,5,283100
2008,Tata,Petrol,Manual,First Owner,13379.0,20.2,1800,166.9,5,186900
2022,Tata,Petrol,Automatic,Second Owner,147864.0,12.8,1500,53.4,5,455400
2021,Toyota,Petrol,Automatic,First Owner,122169.0,18.5,1500,140.0,7,532200
2011,Hyundai,Petrol,Automatic,First Owner,170439.0,16.8,1200,154.3,5,193300
2009,Toyota,Diesel,Manual,First Owner,150172.0,13.7,2200,173.8,5,239600
2016,Kia,Petrol,Automatic,Second Owner,127082.0,10.1,2000,58.4,5,331600
2021,Honda,Petrol,Manual,Third Owner,,19.3,2500,122.0,5,-9223372036854775808
2017,Maruti,Diesel,Automatic,Third Owner,195528.0,,1800,130.3,5,287500
2007,MG,Petrol,Manual,First Owner,12049.0,14.5,1800,75.4,5,180400
2013,Ford,CNG,Automatic,Second Owner,132858.0,12.6,1000,98.4,7,224100
2021,Ford,Diesel,Manual,Second Owner,,27.7,800,116.0,7,-9223372036854775808
2021,Toyota,Petrol,Automatic,Second Owner,123784.0,15.5,2000,175.0,7,423700
2020,Kia,Diesel,Automatic,First Owner,48691.0,14.5,1200,189.4,5,553400
2017,Honda,Petrol,Automatic,Second Owner,169112.0,27.1,2500,144.3,5,309300
2023,Volkswagen,Diesel,Manual,Third Owner,58986.0,26.3,2000,109.2,8,475800
2021,Ford,Petrol,Manual,First Owner,170834.0,19.0,1800,88.1,5,454400
2008,Honda,CNG,Automatic,Third Owner,155672.0,19.8,1000,197.3,5,62900
2016,Maruti,Petrol,Manual,Second Owner,95774.0,14.4,2200,197.5,5,326300
2013,Renault,Diesel,Manual,First Owner,151882.0,11.6,800,188.7,5,263500
2023,Kia,Diesel,Automatic,First Owner,106315.0,21.5,2200,167.9,5,623100
2016,Hyundai,Petrol,Automatic,First Owner,58204.0,12.0,1200,98.9,5,451000
2013,Honda,Petrol,Manual,Second Owner,21085.0,19.0,2000,172.6,5,255400
2011,Maruti,Diesel,Automatic,Third Owner,178926.0,28.8,1200,111.3,8,203400
2018,Volkswagen,CNG,Automatic,First Owner,171851.0,29.1,1800,99.0,5,388800
2023,MG,Petrol,Manual,Third Owner,188279.0,14.8,1200,161.7,5,353400
2019,Hyundai,Diesel,Automatic,Third Owner,34980.0,22.5,2200,61.9,5,431400
2020,MG,Electric,Manual,First Owner,57117.0,19.5,1000,57.3,5,642400
2009,Volkswagen,CNG,Manual,Third Owner,146213.0,27.5,1200,117.2,5,50000
2007,Maruti,Petrol,Manual,Fourth & Above Owner,,15.4,1500,116.8,7,-9223372036854775808
2016,Ford,Diesel,Manual,Second Owner,16896.0,10.1,1000,184.3,5,403400
2008,MG,Petrol,Automatic,Second Owner,90353.0,13.3,2000,68.9,7,134900
2020,Hyundai,Electric,Manual,Fourth & Above Owner,30813.0,17.0,800,68.5,5,496300
2011,Toyota,Petrol,Manual,Second Owner,66679.0,16.3,800,72.1,5,196400
2017,Tata,Petrol,Manual,First Owner,142753.0,25.8,1800,54.5,7,363200
2014,Honda,Diesel,Manual,Third Owner,4228.0,23.6,1800,60.8,5,289200
2011,Ford,Petrol,Manual,Second Owner,136654.0,16.0,1500,149.0,5,161300
2018,MG,Electric,Manual,Second Owner,12397.0,19.2,2000,114.7,5,525300
2009,Renault,Electric,Manual,First Owner,170871.0,11.9,2200,164.5,5,315300
2007,Honda,Diesel,Automatic,Second Owner,38011.0,28.0,800,198.9,5,173300
2015,Toyota,Petrol,Manual,First Owner,80183.0,28.7,800,148.9,5,357500
2015,Volkswagen,Diesel,Manual,Third Owner,94254.0,29.6,800,57.6,5,273200
2022,Tata,Petrol,Manual,First Owner,176336.0,27.4,2200,65.7,5,465900
2019,Maruti,Petrol,Automatic,First Owner,43317.0,13.5,800,182.2,7,473400
2016,Toyota,CNG,Manual,First Owner,179986.0,10.9,1200,129.1,7,289700
2013,Toyota,Petrol,Manual,First Owner,103489.0,21.6,2000,173.7,7,238400
2014,Volkswagen,Petrol,Manual,Second Owner,177326.0,28.3,1000,178.5,5,190200
2016,Kia,Electric,Automatic,Third Owner,41096.0,13.5,1000,189.2,8,453000
2021,Volkswagen,Petrol,Manual,Third Owner,54785.0,10.1,1500,192.5,5,401800
2010,Kia,Petrol,Automatic,First Owner,53344.0,26.1,1200,133.2,7,273500
2011,Kia,Electric,Manual,First Owner,121382.0,11.5,800,101.2,5,355400
2018,Ford,Petrol,Manual,Third Owner,197675.0,18.3,800,194.3,5,233500
2017,Ford,Diesel,Automatic,Third Owner,160484.0,23.6,1800,132.1,7,295900
2012,Hyundai,Electric,Manual,First Owner,111489.0,14.7,1800,59.6,5,403900
2014,MG,Electric,Automatic,First Owner,183730.0,11.7,1500,146.4,5,465800
2013,MG,Diesel,Automatic,First Owner,181621.0,25.4,800,138.2,7,339500
2022,Maruti,Petrol,Automatic,Third Owner,12549.0,22.6,1500,184.4,7,487900
2006,MG,Petrol,Manual,Second Owner,26739.0,29.8,1200,148.0,8,99400
2009,Ford,CNG,Automatic,First Owner,22209.0,16.9,1000,102.4,5,277800
2009,Hyundai,CNG,Manual,First Owner,108051.0,11.2,800,194.9,5,177600
2010,Hyundai,Diesel,Automatic,Third Owner,,24.7,2000,170.2,5,-9223372036854775808
2023,Kia,Petrol,Automatic,First Owner,21045.0,20.4,2200,144.6,5,588100
2012,Volkswagen,Petrol,Automatic,First Owner,158399.0,14.3,1200,93.9,5,223600
2020,Maruti,Petrol,Manual,Second Owner,36709.0,25.6,800,106.0,5,418000
2017,Kia,Diesel,Manual,First Owner,44617.0,14.1,2200,150.5,5,452500
2005,Volkswagen,Petrol,Manual,First Owner,192211.0,15.2,2000,60.8,5,50000
2021,MG,Electric,Automatic,Third Owner,158977.0,11.9,1800,88.5,7,564000
2011,Kia,Diesel,Manual,Third Owner,196220.0,18.0,1500,157.1,8,128500
2017,Honda,Petrol,Manual,Third Owner,120779.0,18.4,1800,122.0,7,288200
2008,MG,Diesel,Automatic,Third Owner,43919.0,20.3,1000,110.4,7,149300
2008,Volkswagen,Petrol,Manual,Second Owner,84521.0,,1800,72.7,5,101500
2010,Maruti,Diesel,Manual,Third Owner,190518.0,28.1,800,116.3,8,78200
2023,Volkswagen,Diesel,Manual,First Owner,184500.0,12.8,2000,165.6,5,517900
2016,Kia,CNG,Manual,Second Owner,179966.0,11.1,1800,89.6,7,270600
2011,Kia,CNG,Manual,Fourth & Above Owner,7447.0,10.4,800,50.8,8,121400
2014,Toyota,Petrol,Manual,First Owner,6499.0,12.9,1000,150.3,8,365600
2023,Maruti,Petrol,Manual,First Owner,40041.0,23.2,2200,195.9,5,558600
2011,Renault,Diesel,Manual,First Owner,32315.0,24.5,2000,141.0,5,301800
2007,MG,Petrol,Automatic,First Owner,133371.0,25.7,1800,68.0,5,181300
2017,Hyundai,Petrol,Manual,First Owner,121506.0,14.9,1500,98.1,5,362400
2017,Maruti,Petrol,Manual,Third Owner,137066.0,16.1,1500,180.1,5,279700
2022,Hyundai,Diesel,Automatic,Fourth & Above Owner,139561.0,19.7,2000,84.9,5,402200
2012,Maruti,Petrol,Manual,First Owner,92647.0,11.3,1500,141.2,5,267900
2013,Maruti,Diesel,Manual,First Owner,33355.0,22.2,1800,110.4,5,376900
2011,Volkswagen,Electric,Automatic,First Owner,74805.0,29.7,1800,81.2,7,421800
2005,Maruti,Petrol,Automatic,Third Owner,69367.0,17.2,2000,172.0,5,50000
2007,Toyota,Petrol,Automatic,First Owner,110906.0,25.1,1800,161.4,5,149900
2017,Renault,Petrol,Automatic,First Owner,118409.0,20.0,2200,149.2,7,420400
2021,Kia,CNG,Automatic,First Owner,78355.0,12.6,800,85.5,5,526400
2005,Tata,Petrol,Manual,First Owner,117220.0,21.6,1000,64.7,8,75300
2010,Hyundai,Petrol,Automatic,First Owner,88173.0,16.0,2200,136.4,5,201500
2010,Kia,Petrol,Manual,Third Owner,2996.0,10.7,2200,133.1,5,134100
2016,Tata,Diesel,Automatic,Second Owner,45387.0,22.7,1500,78.3,5,415500
2017,Renault,Petrol,Manual,Second Owner,4089.0,27.2,800,58.4,5,381200
2017,Renault,Diesel,Manual,First Owner,99827.0,16.9,2000,62.1,5,449400
2019,Hyundai,Electric,Manual,Second Owner,21659.0,17.8,2500,198.9,5,561300
2020,Hyundai,Petrol,Automatic,Second Owner,46178.0,27.8,1500,167.5,5,465000
2015,Renault,CNG,Manual,First Owner,96965.0,26.3,800,188.3,5,326800
2009,Tata,Petrol,Automatic,Second Owner,82268.0,24.3,1800,79.3,5,144100
2008,Maruti,CNG,Automatic,First Owner,86042.0,15.0,2000,194.1,5,141900
2007,MG,Diesel,Manual,Third Owner,107471.0,28.2,2500,71.4,5,79900
2023,Honda,CNG,Automatic,First Owner,71111.0,13.1,2000,126.4,5,572900
2022,Kia,Petrol,Automatic,Fourth & Above Owner,166637.0,22.5,2500,174.5,5,334300
2019,Volkswagen,Petrol,Automatic,First Owner,101435.0,10.6,2500,102.5,5,421900
2013,Kia,Petrol,Manual,Second Owner,90242.0,22.9,1500,113.7,5,242500
2021,Volkswagen,Petrol,Manual,Second Owner,114204.0,15.5,1800,69.2,7,412600
2018,Tata,Petrol,Manual,Second Owner,154956.0,19.0,1500,68.4,5,333700
2019,Volkswagen,Petrol,Manual,First Owner,18199.0,16.9,2500,142.9,7,503200
2005,Hyundai,Petrol,Automatic,First Owner,61038.0,13.5,2500,151.3,7,81700
2007,MG,Petrol,Manual,Second Owner,58786.0,22.4,1200,166.6,5,81600
2020,MG,CNG,Automatic,First Owner,110636.0,27.6,800,133.5,5,470500
2015,Hyundai,Petrol,Manual,First Owner,,29.2,1200,146.9,8,-9223372036854775808
2016,Toyota,Petrol,Manual,Second Owner,166250.0,13.8,800,52.0,7,234100
2014,Tata,Petrol,Automatic,Second Owner,144737.0,24.3,1000,74.3,5,296300
2020,Toyota,Petrol,Automatic,First Owner,1534.0,23.3,2200,197.7,7,532000
2012,Toyota,Electric,Manual,First Owner,92828.0,16.9,2000,61.4,7,401700
2010,Kia,Petrol,Manual,First Owner,37132.0,10.4,1500,151.8,5,227500
2016,Renault,Diesel,Manual,Second Owner,116720.0,23.8,1000,76.4,7,332900
2012,Kia,Electric,Manual,Second Owner,37110.0,28.9,1000,157.5,5,402400
2008,Renault,CNG,Manual,Third Owner,190826.0,,2000,155.9,5,50000
2012,Honda,Diesel,Manual,Fourth & Above Owner,64580.0,18.7,2000,85.1,8,174600
2022,Volkswagen,CNG,Manual,First Owner,154541.0,20.5,800,90.4,7,465000
2009,Renault,Electric,Automatic,First Owner,65016.0,14.0,1200,148.2,5,357200
2013,Hyundai,Diesel,Manual,First Owner,47233.0,25.0,1800,108.5,5,403100
2008,Kia,Diesel,Manual,First Owner,130863.0,24.9,800,79.2,5,192900
2021,Tata,Diesel,Manual,Third Owner,198780.0,12.9,1800,159.8,7,387900
2013,Volkswagen,Diesel,Automatic,Second Owner,190304.0,27.6,1000,73.1,5,282600
2005,Honda,Diesel,Automatic,First Owner,107311.0,15.4,1800,178.3,8,122900
2017,Renault,Petrol,Manual,First Owner,35409.0,29.6,1200,127.2,7,442300
2020,Honda,Petrol,Automatic,Second Owner,151396.0,17.7,800,65.9,5,354100
2017,Tata,Petrol,Manual,Second Owner,140810.0,13.6,2500,154.1,5,289200
2018,Toyota,Petrol,Manual,First Owner,25054.0,17.0,2000,127.9,5,428300
2007,MG,Petrol,Manual,Fourth & Above Owner,30709.0,18.8,2500,94.7,5,50000
2010,Tata,Petrol,Manual,Second Owner,110321.0,11.4,1200,113.4,5,149200
2022,Ford,Diesel,Automatic,First Owner,1363.0,21.6,2200,94.8,5,626000
2023,Tata,Petrol,Automatic,Third Owner,11358.0,22.0,1200,89.5,5,499100
2009,Honda,CNG,Manual,First Owner,135312.0,24.8,2200,74.5,5,137800
2019,Hyundai,Petrol,Automatic,Third Owner,46689.0,10.6,800,104.4,5,351700
2006,Kia,Petrol,Manual,Fourth & Above Owner,2936.0,20.8,2000,87.6,5,50000
2014,Hyundai,Diesel,Manual,Second Owner,113272.0,11.1,1200,152.5,5,307200
2022,Honda,Diesel,Manual,Second Owner,92074.0,24.0,2500,152.6,5,535700
2017,Kia,Petrol,Manual,First Owner,176037.0,11.1,2200,125.3,5,321200
2009,Ford,CNG,Manual,Third Owner,,28.2,2000,166.7,5,-9223372036854775808
2005,MG,CNG,Manual,Second Owner,152296.0,24.0,1500,176.2,5,50000
2005,Volkswagen,Petrol,Manual,Second Owner,106227.0,20.1,1500,137.0,7,50000
2022,Honda,Petrol,Manual,Third Owner,126865.0,18.8,1500,142.8,5,407000
2019,Renault,Electric,Automatic,Fourth & Above Owner,124745.0,12.6,1800,92.4,5,446900
2021,Honda,Diesel,Manual,Third Owner,162897.0,15.8,1200,184.2,7,386800
2015,Honda,Diesel,Automatic,First Owner,29885.0,27.4,800,53.6,5,459300
2021,Kia,CNG,Manual,Fourth & Above Owner,172128.0,28.1,2500,102.3,5,301900
2017,Maruti,Petrol,Automatic,Second Owner,135275.0,10.0,800,158.3,8,323700
2005,Tata,Petrol,Automatic,Third Owner,192313.0,21.9,1800,62.0,7,50000
2006,Maruti,Petrol,Automatic,Second Owner,134316.0,24.4,800,77.5,8,57100
2013,Ford,Diesel,Manual,First Owner,99322.0,22.4,2200,138.4,7,355600
2007,Renault,Diesel,Automatic,First Owner,69619.0,11.6,1500,134.0,5,243100
2005,MG,Diesel,Manual,Second Owner,22584.0,14.4,2500,160.8,5,91500
2020,Toyota,Petrol,Manual,Second Owner,9521.0,15.0,1200,171.9,5,421900
2010,Ford,Petrol,Manual,First Owner,182089.0,26.6,800,69.3,5,184400
2021,Toyota,Petrol,Manual,Second Owner,34541.0,19.3,800,52.8,5,435000
2009,Toyota,Diesel,Manual,First Owner,30063.0,19.7,1000,153.4,7,270200
2009,MG,Diesel,Automatic,Third Owner,71268.0,28.7,1000,95.2,5,157000
2010,Hyundai,Petrol,Automatic,First Owner,127218.0,22.7,1000,143.9,5,248700
2007,Maruti,CNG,Manual,First Owner,119206.0,28.0,1200,72.6,7,100000
2009,Honda,Petrol,Automatic,First Owner,197024.0,19.1,1500,120.4,7,179400
2009,Volkswagen,Electric,Manual,First Owner,171635.0,13.0,2000,125.7,5,292900
2014,Toyota,Petrol,Automatic,First Owner,171824.0,28.6,1500,137.8,7,299100
2014,Renault,Diesel,Manual,First Owner,134639.0,19.2,2500,127.0,7,293300
2023,Ford,Petrol,Manual,First Owner,148193.0,13.6,1500,124.4,5,456800
2021,Hyundai,Electric,Automatic,Third Owner,133746.0,16.0,1200,99.9,5,533700
2018,Toyota,Petrol,Automatic,Third Owner,77411.0,11.0,2200,60.7,5,346200
2013,Hyundai,Petrol,Automatic,First Owner,110876.0,19.4,2200,63.4,5,277100
2018,Hyundai,Petrol,Automatic,Fourth & Above Owner,198347.0,27.1,1200,115.1,5,209100
2005,Toyota,Petrol,Automatic,First Owner,199153.0,28.7,1000,103.4,8,66700
2023,Kia,Petrol,Automatic,Second Owner,161212.0,28.7,800,127.4,7,485700
2017,Tata,Electric,Automatic,Second Owner,141399.0,12.5,1800,95.7,7,481500
2017,Renault,Petrol,Automatic,First Owner,24331.0,17.6,1800,153.2,8,458400
2008,Honda,Diesel,Manual,First Owner,24004.0,10.6,2000,179.6,7,214500
2005,Honda,Diesel,Automatic,First Owner,120243.0,27.1,800,94.8,5,137800
2021,Renault,Diesel,Manual,First Owner,142564.0,17.2,2000,78.9,5,536700
2012,Kia,Petrol,Automatic,Second Owner,186869.0,22.6,1000,67.4,7,187900
2006,Honda,Petrol,Automatic,First Owner,190167.0,24.3,2000,142.4,5,87400
2012,Hyundai,Diesel,Automatic,First Owner,145821.0,18.6,800,116.6,5,353200
2011,MG,Electric,Automatic,First Owner,64217.0,16.1,2500,78.2,5,394900
2006,Ford,Petrol,Automatic,First Owner,90044.0,29.2,800,148.0,8,150900
2007,Maruti,Petrol,Manual,Second Owner,10045.0,29.3,1800,72.3,5,153300
2022,Honda,Petrol,Automatic,First Owner,21116.0,15.8,2200,133.1,7,562900
2016,Renault,Electric,Manual,Third Owner,19667.0,19.6,1000,129.1,5,457400
2005,MG,Petrol,Manual,First Owner,76057.0,29.5,2500,160.1,5,67300
2016,Toyota,Petrol,Manual,First Owner,75205.0,10.1,1200,58.3,5,348700
2009,Tata,CNG,Manual,Second Owner,28302.0,18.3,2500,183.2,7,168500
2021,Renault,Petrol,Manual,First Owner,143355.0,12.0,2500,155.4,5,469300
2020,Hyundai,Petrol,Automatic,Second Owner,163007.0,,2000,82.4,7,420900
2019,Tata,Diesel,Manual,Second Owner,,10.5,1800,77.5,5,-9223372036854775808
2019,Ford,Electric,Manual,First Owner,163696.0,18.1,2000,114.7,5,541800
2009,Ford,Petrol,Manual,First Owner,14440.0,14.4,2000,172.6,5,241700
2018,Kia,Petrol,Manual,First Owner,112001.0,20.7,1200,176.4,5,387200
2006,Volkswagen,Petrol,Automatic,First Owner,47501.0,29.9,1000,128.1,5,174300
2015,Kia,Petrol,Manual,First Owner,133341.0,26.0,800,179.1,5,312500
2023,MG,Diesel,Manual,First Owner,8868.0,26.9,1500,50.8,7,629500
2011,Tata,Petrol,Manual,First Owner,162323.0,22.7,2000,55.3,5,202300
2010,Volkswagen,Petrol,Manual,Second Owner,78909.0,10.8,1500,186.8,5,128500
2006,Toyota,Petrol,Manual,Second Owner,85523.0,14.1,1000,166.3,7,50000
2010,Hyundai,Diesel,Manual,Second Owner,170801.0,28.5,1500,117.6,5,166700
2022,Tata,Diesel,Automatic,First Owner,16734.0,17.3,2000,163.0,5,587900
2006,Kia,CNG,Automatic,First Owner,174501.0,12.1,1200,193.3,5,109400
2022,Maruti,Petrol,Manual,Third Owner,173409.0,24.0,1500,165.8,5,380700
2019,Volkswagen,CNG,Automatic,Second Owner,172397.0,16.0,1000,176.4,5,375300
2023,Volkswagen,CNG,Manual,Third Owner,84600.0,15.4,1000,164.1,8,410300
2006,Hyundai,Petrol,Manual,First Owner,194586.0,30.0,2200,75.2,5,80300
2010,Honda,Petrol,Automatic,Second Owner,9433.0,27.2,2200,175.0,5,266000
2005,Ford,Petrol,Manual,Second Owner,141183.0,18.2,1200,79.3,5,50000
2019,Ford,Petrol,Automatic,First Owner,104986.0,29.6,1500,183.9,7,462700
2014,Maruti,Petrol,Manual,First Owner,64753.0,23.0,1500,118.8,5,321700
2023,MG,Petrol,Manual,Second Owner,114783.0,24.8,2200,151.5,7,478200
2021,MG,Petrol,Manual,First Owner,22751.0,10.6,800,124.6,8,511200
2009,Toyota,CNG,Automatic,First Owner,148525.0,12.4,1800,64.1,8,180000
2008,Tata,Petrol,Automatic,Second Owner,171040.0,22.7,1000,93.6,7,112600
2014,Renault,CNG,Automatic,Third Owner,162149.0,28.0,800,197.6,5,245800
2021,Honda,Diesel,Manual,First Owner,166847.0,22.5,1000,194.1,7,463600
2014,Kia,CNG,Manual,First Owner,190216.0,12.7,2500,98.1,5,252800
2021,Renault,Diesel,Manual,First Owner,49570.0,12.3,2500,199.4,7,526600
2009,Renault,Petrol,Manual,Second Owner,178169.0,26.9,800,176.8,5,117800
2006,Volkswagen,Diesel,Automatic,First Owner,25503.0,12.8,2500,141.6,7,205500
2010,Maruti,Petrol,Manual,Fourth & Above Owner,134851.0,20.4,2200,56.0,5,50000
2006,Ford,Petrol,Automatic,First Owner,87840.0,10.7,2200,185.2,5,148800
2017,Toyota,Electric,Automatic,First Owner,132827.0,11.6,1800,133.6,8,573500
2015,MG,Petrol,Manual,Second Owner,40263.0,23.4,800,180.3,5,318100
2015,Maruti,Petrol,Automatic,Third Owner,109491.0,23.8,1000,175.2,5,254400
2020,Volkswagen,Diesel,Manual,First Owner,56087.0,16.8,1500,175.0,5,530100
2015,Kia,CNG,Manual,First Owner,174353.0,14.3,1000,154.7,8,316100
2023,Toyota,Diesel,Manual,Fourth & Above Owner,52482.0,26.3,2000,93.7,5,431300
2019,Volkswagen,Petrol,Manual,First Owner,186929.0,14.3,2200,100.4,5,379300
2020,Ford,Diesel,Manual,Third Owner,123989.0,20.8,1200,96.3,5,379000
2015,Ford,Petrol,Manual,First Owner,149472.0,29.4,1200,53.0,5,276900
2020,Ford,Diesel,Manual,Second Owner,41115.0,13.0,2200,137.4,8,472900
2012,Maruti,Electric,Manual,Second Owner,15249.0,28.8,2000,154.8,7,414500
2008,Maruti,Diesel,Automatic,First Owner,178897.0,13.7,1200,178.1,5,201900
2012,MG,CNG,Automatic,Third Owner,111361.0,21.3,2500,71.0,5,187200
2008,MG,Petrol,Manual,First Owner,25600.0,17.5,2200,131.6,7,190100
2007,Kia,Diesel,Manual,First Owner,38706.0,29.3,1200,51.2,5,216100
2007,Toyota,CNG,Automatic,Second Owner,20222.0,15.5,2200,64.3,5,128900
2022,Hyundai,Petrol,Manual,First Owner,100041.0,18.0,1800,58.1,5,493800
2023,Hyundai,CNG,Automatic,Second Owner,105504.0,29.7,1500,158.8,5,506100
2023,Volkswagen,Petrol,Manual,First Owner,42139.0,20.7,1500,62.2,5,559500
2009,Ford,Diesel,Manual,First Owner,115919.0,20.1,1000,157.5,5,223400
2022,Toyota,CNG,Manual,First Owner,42302.0,15.2,2000,87.4,5,526100
2014,Renault,Diesel,Manual,First Owner,88838.0,24.0,2200,181.7,5,348000
2010,Maruti,Petrol,Automatic,First Owner,140718.0,10.3,800,172.0,7,272800
2005,Tata,Diesel,Manual,Second Owner,145615.0,11.0,1000,193.7,5,70300
2009,Honda,Diesel,Automatic,Third Owner,154857.0,22.0,1000,182.6,8,135800
2013,Kia,Electric,Automatic,Third Owner,79353.0,16.8,2200,190.0,5,360700
2016,Ford,Petrol,Manual,First Owner,163478.0,29.1,2200,178.8,7,309200
2018,Ford,Petrol,Automatic,First Owner,89992.0,28.1,1000,154.0,7,432400
2006,Ford,Diesel,Manual,First Owner,52428.0,24.3,1000,75.5,8,179600
2021,Maruti,Petrol,Manual,First Owner,24777.0,26.4,1500,90.8,7,475000
2018,Maruti,Diesel,Automatic,Second Owner,58939.0,23.3,800,81.9,5,419100
2017,Honda,Diesel,Manual,First Owner,185098.0,12.5,2500,140.5,5,369700
2013,Renault,CNG,Manual,First Owner,87450.0,25.3,1000,125.5,5,285400
2019,Toyota,Diesel,Manual,Third Owner,161625.0,14.2,2500,180.1,5,339400
2019,Ford,Diesel,Manual,First Owner,24548.0,,1500,192.9,5,542300
2015,Hyundai,Petrol,Automatic,First Owner,195293.0,26.4,1000,110.7,7,277700
2020,MG,Petrol,Automatic,First Owner,169337.0,20.7,1200,126.0,5,430300
2021,Hyundai,Petrol,Automatic,First Owner,126549.0,27.2,1000,195.7,5,522100
2008,Volkswagen,Petrol,Automatic,Third Owner,172773.0,14.3,2200,91.4,8,50000
2005,Hyundai,Diesel,Manual,First Owner,183359.0,22.2,2000,168.9,5,101000
2012,Volkswagen,Diesel,Manual,First Owner,138799.0,11.7,2000,83.8,5,321600
2021,Tata,Diesel,Manual,First Owner,182789.0,22.9,1000,152.2,7,469700
2007,MG,CNG,Manual,First Owner,164499.0,25.3,1800,88.0,5,90800
2019,Hyundai,Electric,Manual,First Owner,148764.0,21.7,1200,182.6,5,545200
2019,Tata,CNG,Automatic,Third Owner,32625.0,15.3,800,134.2,8,349600
2018,Kia,Diesel,Manual,Third Owner,25918.0,10.6,1000,77.9,8,380800
2018,Toyota,Diesel,Manual,Second Owner,173208.0,12.4,2500,83.7,7,381000
2006,Tata,Petrol,Manual,First Owner,115826.0,22.4,800,124.1,5,102900
2017,Toyota,Petrol,Automatic,Third Owner,115881.0,28.7,1200,194.2,7,309400
2018,Hyundai,Petrol,Automatic,Second Owner,184481.0,14.1,1000,165.4,5,330200
2023,Renault,Electric,Manual,First Owner,16577.0,24.7,1800,123.2,5,703600
2011,Tata,CNG,Manual,Second Owner,86155.0,27.3,1500,100.7,5,207300
2007,MG,Petrol,Automatic,First Owner,112776.0,20.4,1800,132.4,5,138700
2019,Hyundai,Petrol,Manual,First Owner,100246.0,23.4,2200,162.3,5,430800
2018,Ford,CNG,Manual,Second Owner,,26.3,1800,167.6,5,-9223372036854775808
2015,Maruti,Petrol,Automatic,First Owner,143226.0,15.2,2500,98.7,5,362600
2019,Tata,Petrol,Automatic,Second Owner,95948.0,15.9,1500,158.2,5,426500
2017,MG,CNG,Manual,First Owner,22341.0,10.0,2200,148.7,7,387900
2022,Kia,Petrol,Automatic,Third Owner,98554.0,29.3,1500,193.9,5,407000
2010,Ford,Petrol,Automatic,Fourth & Above Owner,108798.0,28.4,2000,189.7,5,87200
2007,Kia,Diesel,Manual,Third Owner,47330.0,25.3,1500,168.4,5,100000
2023,Hyundai,CNG,Automatic,First Owner,88759.0,11.6,1000,158.5,5,551500
2019,Maruti,Diesel,Automatic,First Owner,87807.0,19.0,800,91.1,5,531400
2009,Tata,Petrol,Automatic,First Owner,34313.0,12.0,2000,176.9,5,241600
2014,Tata,Petrol,Automatic,First Owner,47900.0,10.3,2000,114.1,5,357100
2011,Renault,Petrol,Manual,First Owner,79840.0,22.3,800,90.8,8,250700
2021,Renault,Diesel,Manual,Second Owner,166767.0,29.2,2500,107.6,5,434100
2011,Hyundai,Diesel,Manual,Second Owner,162297.0,28.1,2000,175.4,5,225200
2016,Hyundai,Petrol,Manual,Fourth & Above Owner,87072.0,23.9,1500,72.3,5,190700
2021,Maruti,CNG,Manual,First Owner,97367.0,11.9,1800,118.4,5,489500
2017,Renault,Petrol,Automatic,First Owner,50156.0,15.5,1200,123.9,5,458600
2008,MG,Petrol,Automatic,First Owner,88453.0,16.4,2500,55.5,5,158200
2014,MG,Petrol,Automatic,Third Owner,159901.0,25.3,1500,79.4,5,193200
2007,Maruti,Petrol,Automatic,Second Owner,26938.0,26.0,2200,174.0,8,164400
2013,MG,Diesel,Automatic,Third Owner,60164.0,17.7,2200,174.6,7,298100
2017,Volkswagen,Diesel,Manual,Third Owner,186602.0,18.4,1800,93.9,5,278300
2022,Toyota,Petrol,Manual,Second Owner,61282.0,10.9,2500,181.2,7,454700
2019,Maruti,Diesel,Manual,First Owner,48801.0,15.8,2500,165.8,5,519700
2008,Maruti,Petrol,Automatic,First Owner,141537.0,19.0,1800,112.7,7,182900
2019,Honda,Diesel,Manual,Second Owner,4326.0,12.3,2500,162.3,5,449500
2006,Ford,Electric,Automatic,First Owner,135731.0,19.1,2000,194.2,5,238100
2019,Ford,Petrol,Manual,First Owner,192361.0,27.1,1000,118.8,7,383300
2012,Volkswagen,Diesel,Automatic,Third Owner,159666.0,21.6,1000,85.8,7,212800
2012,Renault,Petrol,Automatic,Fourth & Above Owner,116819.0,11.6,2500,191.3,7,115600
2021,Hyundai,Petrol,Automatic,Second Owner,5763.0,13.8,2000,140.6,5,515700
2016,Hyundai,Petrol,Automatic,Second Owner,142900.0,19.5,2000,65.8,8,294300
2023,Kia,Diesel,Automatic,Second Owner,48588.0,17.2,800,135.9,8,538400
2014,Volkswagen,Diesel,Automatic,First Owner,12221.0,,800,125.1,5,415400
2013,Maruti,Petrol,Automatic,First Owner,143283.0,20.6,1200,178.3,5,284600
2009,Volkswagen,CNG,Automatic,Second Owner,14569.0,21.7,1200,129.6,5,192200
2010,Volkswagen,Diesel,Automatic,Second Owner,38860.0,25.9,1200,88.3,8,237400
2006,Volkswagen,CNG,Manual,First Owner,46337.0,16.8,1200,151.3,5,90500
2017,Ford,Diesel,Manual,Third Owner,184383.0,26.1,1800,131.4,5,272500
2010,Volkswagen,Diesel,Manual,First Owner,145587.0,16.8,1800,85.0,5,245200
2009,Toyota,Petrol,Manual,First Owner,72695.0,11.1,800,136.0,5,213800
2005,Hyundai,Petrol,Manual,Second Owner,107749.0,21.1,1000,173.2,5,50000
2010,Kia,Electric,Automatic,First Owner,156976.0,21.8,2000,54.3,5,335200
2010,Toyota,Petrol,Automatic,First Owner,192007.0,28.7,2200,144.6,8,160900
2020,Kia,Electric,Automatic,First Owner,44790.0,24.5,1000,102.4,5,667500
2008,Honda,Diesel,Manual,Second Owner,69580.0,28.4,1500,93.9,7,177900
2015,Kia,Petrol,Manual,First Owner,,28.2,1800,108.9,5,-9223372036854775808
2013,Hyundai,Petrol,Manual,Second Owner,78129.0,22.1,1200,101.3,5,195700
2007,Hyundai,Petrol,Manual,Second Owner,134964.0,20.6,1200,174.8,5,50000
2023,Volkswagen,Electric,Manual,First Owner,22672.0,21.1,1500,91.2,5,713100
2012,Tata,Petrol,Manual,Fourth & Above Owner,6812.0,29.6,1000,160.0,5,156300
2009,Honda,Petrol,Automatic,First Owner,1654.0,25.5,1200,64.1,8,269500
2008,Maruti,Petrol,Automatic,Fourth & Above Owner,55633.0,12.1,1000,192.7,5,55100
2010,MG,Petrol,Manual,Second Owner,18143.0,25.6,2000,143.3,5,197500
2006,Kia,Petrol,Manual,Fourth & Above Owner,56934.0,13.4,1500,156.0,5,50000
2015,Tata,Petrol,Manual,First Owner,68334.0,18.9,2200,94.7,5,354500
2008,Volkswagen,CNG,Manual,First Owner,104463.0,14.2,1000,111.8,8,154000
2019,Ford,Petrol,Automatic,First Owner,126851.0,23.8,2000,83.6,5,442900
2010,Maruti,Petrol,Manual,First Owner,30087.0,27.5,2500,189.9,5,229600
2021,Renault,Petrol,Manual,Second Owner,143690.0,15.8,2500,123.2,5,404800
2010,Tata,Petrol,Manual,First Owner,9446.0,11.6,1000,144.6,5,255000
2023,Ford,Electric,Manual,Second Owner,103127.0,16.0,2500,160.1,5,628800
2006,Honda,Diesel,Automatic,First Owner,49867.0,23.4,1000,105.7,5,212700
2019,Volkswagen,Petrol,Automatic,First Owner,183100.0,16.6,1200,158.0,5,440300
2015,Maruti,Diesel,Automatic,Second Owner,61101.0,15.6,800,151.4,5,379800
2012,Maruti,Petrol,Manual,First Owner,159272.0,13.7,2500,155.8,5,207400
2023,Maruti,Petrol,Manual,Second Owner,89074.0,20.0,1800,123.4,7,498100
2017,Honda,Electric,Manual,Second Owner,193537.0,15.5,1000,107.4,5,400900
2016,Kia,Diesel,Automatic,Third Owner,119422.0,24.6,1000,83.3,7,298700
2009,Renault,Electric,Manual,First Owner,88892.0,11.5,1000,173.7,7,337300
2010,Honda,Petrol,Manual,Second Owner,121044.0,23.3,800,141.3,5,149800
2008,MG,Diesel,Automatic,Fourth & Above Owner,40148.0,14.8,2000,116.7,5,85000
2023,Renault,Petrol,Automatic,Second Owner,83928.0,19.8,2500,191.6,5,505400
2005,Hyundai,Petrol,Manual,First Owner,152770.0,15.7,2200,57.2,7,50000
2021,Volkswagen,CNG,Manual,Second Owner,174542.0,24.5,2200,177.5,5,378000
2016,Honda,Petrol,Manual,Second Owner,52660.0,28.9,1500,199.6,5,342500
2019,Ford,CNG,Automatic,Second Owner,,28.3,1200,183.0,5,-9223372036854775808
2005,Renault,Diesel,Manual,First Owner,36450.0,21.7,800,171.6,8,156400
2018,MG,Petrol,Automatic,First Owner,188535.0,19.3,2000,106.1,5,374800
2010,Hyundai,Diesel,Manual,Third Owner,34757.0,26.4,1000,84.7,5,155600
2009,Kia,Diesel,Automatic,First Owner,79012.0,23.7,2000,160.2,5,293900
2015,Ford,Petrol,Automatic,Second Owner,107750.0,13.7,800,95.7,5,313000
2008,Renault,CNG,Manual,First Owner,128043.0,26.4,800,76.4,5,121800
2017,Volkswagen,Diesel,Automatic,Second Owner,163462.0,18.6,800,168.0,7,387700
2015,Ford,Petrol,Manual,First Owner,57116.0,13.8,1500,96.9,7,345000
2007,Hyundai,Diesel,Automatic,First Owner,145233.0,15.6,1800,187.2,7,176600
2005,Ford,Electric,Automatic,Fourth & Above Owner,33152.0,15.4,1200,176.1,5,147100
2010,Toyota,Petrol,Manual,Third Owner,107379.0,20.4,1500,177.1,5,81500
2022,Tata,CNG,Automatic,Second Owner,21836.0,14.7,1500,165.7,5,512200
2014,Kia,Petrol,Automatic,First Owner,198615.0,12.5,2500,182.1,5,283100
2009,Hyundai,Diesel,Manual,Second Owner,187720.0,12.5,1800,170.9,5,121200
2014,Ford,Diesel,Manual,Second Owner,158403.0,21.7,1500,140.4,5,284200
2016,Tata,Petrol,Automatic,Second Owner,142835.0,24.7,800,94.4,5,346000
2006,Tata,Petrol,Automatic,First Owner,70444.0,16.4,800,183.2,5,129700
2017,Ford,Diesel,Manual,Second Owner,94109.0,10.7,2500,176.1,5,344600
2012,Volkswagen,Petrol,Manual,Second Owner,151259.0,12.5,2000,120.9,8,134300
2006,Toyota,Diesel,Manual,Fourth & Above Owner,144029.0,28.3,1000,55.9,5,50000
2005,Honda,Petrol,Manual,First Owner,136451.0,19.9,1500,145.8,8,50000
2009,Toyota,CNG,Manual,Second Owner,160031.0,19.1,1000,57.6,7,99100
2013,Ford,Diesel,Automatic,Second Owner,83018.0,10.8,1200,188.9,5,316100
2021,Kia,Electric,Manual,First Owner,124076.0,24.6,2200,194.2,5,580900
2013,Honda,Petrol,Automatic,First Owner,159177.0,,800,78.4,5,239100
2015,Hyundai,Diesel,Manual,First Owner,132949.0,14.0,2000,151.5,7,364400
2019,Toyota,Diesel,Manual,First Owner,180425.0,12.2,1200,63.8,5,437500
2010,Ford,Petrol,Manual,First Owner,84788.0,17.7,2500,159.4,8,199100
2007,Toyota,Petrol,Manual,Second Owner,97870.0,26.7,2000,102.1,5,50000
2021,Honda,Petrol,Automatic,Second Owner,84308.0,27.3,2200,152.2,7,472300
2009,MG,Diesel,Automatic,Second Owner,183639.0,22.1,2200,105.9,7,188600
2016,Renault,Diesel,Automatic,Third Owner,58913.0,24.6,2500,71.8,5,356100
2022,Toyota,Petrol,Automatic,First Owner,3637.0,12.3,1800,110.9,5,561200
2018,Hyundai,Diesel,Automatic,First Owner,43025.0,21.8,2500,66.9,5,509400
2015,Hyundai,Petrol,Manual,Second Owner,100508.0,23.3,800,136.5,5,247400
2013,Maruti,Petrol,Automatic,First Owner,83464.0,14.0,1200,56.1,5,334400
2006,Toyota,Electric,Automatic,First Owner,29742.0,27.6,1800,129.1,7,316800
2016,Renault,Electric,Manual,First Owner,12831.0,,2200,183.0,5,508200
2007,Volkswagen,Diesel,Automatic,First Owner,114768.0,16.3,1200,175.7,8,191600
2007,Tata,Petrol,Manual,Third Owner,86092.0,22.4,2000,182.4,7,50000
2005,Renault,Diesel,Manual,First Owner,91879.0,22.8,1800,188.3,5,122400
2012,Tata,Petrol,Automatic,First Owner,89370.0,24.0,1800,65.7,8,279800
2012,Tata,Petrol,Manual,First Owner,127537.0,12.2,800,69.3,5,211700
2015,MG,Petrol,Manual,Second Owner,178834.0,27.0,2500,133.6,7,246900
2013,Maruti,Diesel,Automatic,First Owner,105824.0,20.7,1000,184.1,5,339100
2009,Renault,Diesel,Automatic,Second Owner,89741.0,19.4,2000,196.2,5,167000
2018,Renault,Petrol,Manual,First Owner,19830.0,29.6,2000,56.9,5,432700
2007,MG,Diesel,Automatic,First Owner,56044.0,24.8,2500,103.4,5,246600
2009,Toyota,Electric,Manual,Second Owner,74948.0,12.4,1800,81.9,5,279800
2009,Toyota,Petrol,Manual,First Owner,70202.0,25.1,1800,163.4,5,224700
2023,Toyota,Diesel,Automatic,First Owner,38045.0,11.9,800,146.0,5,644600
2018,Kia,CNG,Automatic,First Owner,108509.0,10.5,1000,68.0,8,432500
2008,Tata,Petrol,Manual,Third Owner,158699.0,18.1,2000,122.5,5,50000
2017,Kia,Petrol,Automatic,First Owner,16198.0,29.9,2200,152.8,5,445500
2014,Maruti,Diesel,Automatic,Second Owner,70521.0,13.5,1500,166.9,5,339500
2022,MG,Diesel,Manual,First Owner,107471.0,23.5,1500,53.0,7,540200
2012,Renault,CNG,Manual,First Owner,30475.0,13.5,1000,183.6,8,295400
2012,Tata,Petrol,Manual,First Owner,20403.0,24.5,1200,135.4,5,271100
2011,Kia,Electric,Automatic,Third Owner,4681.0,20.1,800,171.8,5,331100
2012,Kia,Petrol,Automatic,First Owner,92555.0,23.6,1000,171.2,5,261300
2018,Ford,Petrol,Automatic,First Owner,119884.0,14.1,2500,78.5,5,461000
2023,Kia,Diesel,Automatic,First Owner,94122.0,24.9,2500,66.5,7,618500
2010,Volkswagen,Petrol,Automatic,First Owner,116260.0,29.9,1500,158.2,5,228000
2005,Renault,Petrol,Manual,First Owner,174364.0,23.3,1800,73.5,8,50000
2019,Volkswagen,Petrol,Manual,Second Owner,106386.0,19.9,1500,177.5,5,384300
2005,Renault,Petrol,Manual,First Owner,137701.0,28.5,1800,158.9,8,53800
2021,MG,Petrol,Manual,First Owner,94246.0,10.3,800,176.3,5,482200
2005,Renault,Electric,Automatic,Second Owner,96864.0,24.6,1800,94.9,7,187000
2019,Volkswagen,Petrol,Automatic,First Owner,9417.0,27.8,1000,97.5,8,503500
2006,Renault,Diesel,Manual,First Owner,119888.0,11.2,1800,150.7,8,131600
2018,MG,Diesel,Manual,First Owner,166837.0,19.0,1200,54.7,5,401300
2012,MG,Electric,Automatic,Second Owner,75499.0,14.1,2500,159.0,5,406900
2012,Maruti,Petrol,Manual,First Owner,131908.0,21.3,1000,175.4,5,203300
2023,Renault,CNG,Manual,First Owner,188646.0,23.0,2500,112.3,5,492000
2011,Ford,Diesel,Manual,First Owner,,16.1,800,164.7,5,-9223372036854775808
2023,Toyota,Diesel,Manual,Second Owner,172635.0,19.2,1000,76.2,5,471100
2010,Hyundai,Diesel,Automatic,First Owner,12332.0,15.6,1200,98.3,5,307400
2010,MG,CNG,Manual,Second Owner,20177.0,17.4,800,196.1,5,185500
2007,Honda,Petrol,Manual,Third Owner,131560.0,13.2,1500,197.9,5,50000
2011,Toyota,Diesel,Manual,Second Owner,58104.0,27.7,1200,126.9,5,242900
2023,Tata,Diesel,Automatic,First Owner,85335.0,10.2,800,190.1,5,621000
2012,Renault,Diesel,Manual,First Owner,115938.0,27.6,2200,128.4,5,327300
2014,Volkswagen,Electric,Manual,First Owner,81730.0,21.4,1800,93.7,5,449000
2019,Hyundai,Petrol,Manual,First Owner,137023.0,16.6,1000,90.0,5,372200
2019,Honda,Electric,Manual,First Owner,29333.0,,800,189.4,8,626900
2005,Toyota,Petrol,Manual,Second Owner,22673.0,20.2,1000,75.9,8,97300
2011,Renault,Petrol,Automatic,First Owner,115421.0,20.0,1800,136.9,8,255100
2008,Maruti,Petrol,Manual,First Owner,41870.0,,800,133.3,7,157300
2010,Tata,Petrol,Manual,Second Owner,128536.0,17.8,1500,160.9,5,133300
2005,Hyundai,Diesel,Automatic,Second Owner,72101.0,14.8,2200,124.9,5,96600
2009,Ford,Petrol,Manual,First Owner,23821.0,10.3,2200,90.8,5,225900
2005,Maruti,Petrol,Manual,Third Owner,26494.0,17.2,1200,75.4,5,50000
2008,Honda,Electric,Manual,First Owner,100477.0,11.8,800,143.1,5,293800
2006,Hyundai,CNG,Automatic,Second Owner,127083.0,15.1,1800,157.8,5,50000
2014,Maruti,CNG,Manual,Second Owner,113698.0,11.9,800,135.4,5,245700
2009,Tata,CNG,Automatic,Second Owner,112560.0,12.0,1000,160.8,5,141400
2014,Ford,Diesel,Automatic,Second Owner,132907.0,14.0,2000,71.2,7,317100
2005,Maruti,Petrol,Manual,First Owner,19646.0,30.0,2500,182.4,5,115600
2010,Kia,Petrol,Automatic,First Owner,124777.0,10.0,800,137.4,5,197900
2017,Ford,Diesel,Manual,Second Owner,78360.0,22.8,2200,69.0,5,398400
2019,Honda,Petrol,Manual,First Owner,38335.0,12.8,2200,119.3,5,454900
2008,Tata,Diesel,Automatic,Third Owner,70351.0,28.4,2500,176.7,5,125100
2017,Renault,Petrol,Automatic,First Owner,115934.0,11.9,2200,184.6,8,441900
2019,Volkswagen,Petrol,Automatic,First Owner,134501.0,29.1,1500,89.7,5,447300
2012,Volkswagen,Diesel,Manual,First Owner,42950.0,22.2,800,156.7,5,325500
2009,Volkswagen,Diesel,Manual,First Owner,61654.0,10.0,1200,65.0,5,272500
2019,Hyundai,Diesel,Automatic,Second Owner,108422.0,27.9,800,55.0,5,487600
2008,Honda,Diesel,Manual,Second Owner,110934.0,20.4,2000,134.1,7,141600
2016,Tata,Petrol,Manual,Second Owner,120975.0,15.3,2200,154.2,5,296500
2017,Ford,Petrol,Manual,Third Owner,92186.0,25.3,1000,169.4,7,259100
2006,Hyundai,CNG,Manual,Third Owner,105234.0,28.5,2200,101.0,8,50000
2023,Honda,Diesel,Automatic,Third Owner,103326.0,19.7,800,51.0,7,499400
2023,Renault,Petrol,Manual,First Owner,78527.0,16.3,1500,121.9,5,539400
2008,Kia,CNG,Automatic,Second Owner,87704.0,25.8,1800,52.4,5,142800
2008,Tata,Petrol,Manual,First Owner,163171.0,23.6,800,63.8,5,129600
2015,Volkswagen,Petrol,Automatic,First Owner,171457.0,27.8,800,99.0,5,324000
2009,Maruti,Petrol,Manual,Second Owner,167991.0,23.9,1200,115.6,7,66800
2015,Tata,Diesel,Manual,First Owner,97952.0,14.9,1500,91.9,7,357300
2014,MG,Diesel,Manual,First Owner,61782.0,28.6,2000,137.3,7,358200
2012,Honda,Petrol,Manual,First Owner,72116.0,12.1,1800,58.3,7,258300
2010,Toyota,CNG,Manual,First Owner,90626.0,15.4,2200,71.7,5,225700
2010,Renault,Petrol,Automatic,Third Owner,172459.0,20.4,1000,154.3,5,70500
2012,Kia,Petrol,Automatic,First Owner,147895.0,21.3,800,71.3,5,248900
2019,Renault,Petrol,Manual,First Owner,47015.0,10.3,2000,146.0,8,470600
2018,Tata,Petrol,Manual,First Owner,103877.0,25.6,1800,58.2,7,392100
2015,Toyota,Petrol,Manual,First Owner,16339.0,17.2,1000,111.1,5,376000
2016,MG,Diesel,Manual,Third Owner,135563.0,18.1,2000,76.6,7,279400
2017,Ford,CNG,Automatic,First Owner,132778.0,26.2,1500,66.4,7,393700
2012,Maruti,Diesel,Automatic,Second Owner,98493.0,,1500,135.1,8,276200
2022,Toyota,Petrol,Manual,Second Owner,147800.0,,1800,189.3,7,439400
2005,Honda,Petrol,Manual,Third Owner,139069.0,13.5,2200,58.2,5,50000
2019,Volkswagen,Petrol,Manual,Second Owner,192480.0,29.1,2500,113.2,5,321500
2012,MG,Petrol,Automatic,Third Owner,190169.0,11.4,1000,156.1,5,140800
2015,Maruti,Diesel,Manual,First Owner,130526.0,17.1,1500,119.4,5,370400
2016,Kia,Petrol,Automatic,First Owner,,20.1,2500,171.0,5,-9223372036854775808
2016,Volkswagen,Diesel,Automatic,First Owner,122648.0,19.9,1800,76.9,5,410900
2008,Tata,CNG,Manual,Third Owner,26163.0,10.1,1500,193.9,7,116500
2020,Toyota,Petrol,Automatic,First Owner,149790.0,20.0,1500,107.8,5,441900
2008,Maruti,CNG,Manual,First Owner,88508.0,17.7,2000,101.2,8,182300
2009,Hyundai,Diesel,Automatic,First Owner,40619.0,29.4,2500,181.2,5,301000
2009,Ford,Diesel,Manual,First Owner,13126.0,13.2,2000,134.6,5,250200
2012,Ford,Diesel,Manual,First Owner,65926.0,17.1,1500,127.5,5,323200
2014,MG,Petrol,Automatic,Fourth & Above Owner,41633.0,18.4,2500,159.0,5,208200
2021,Kia,Petrol,Automatic,First Owner,4317.0,17.8,1200,137.0,5,565400
2013,MG,Petrol,Automatic,Second Owner,45980.0,23.3,2500,74.4,5,277500
2023,Hyundai,Petrol,Manual,Second Owner,45115.0,14.3,2000,151.1,5,496300
2018,Honda,Diesel,Automatic,First Owner,193718.0,14.4,1000,70.0,5,460500
2012,Kia,Petrol,Manual,First Owner,44158.0,,1800,170.9,5,275900
2013,Renault,Electric,Automatic,First Owner,188035.0,20.0,1800,198.5,7,427500
2015,Honda,Diesel,Manual,First Owner,179703.0,18.3,2200,106.6,5,330600
2005,Kia,Petrol,Automatic,Second Owner,,,1000,116.7,5,-9223372036854775808
2018,Kia,Petrol,Automatic,First Owner,106364.0,13.8,1000,57.0,7,413300
2009,Hyundai,CNG,Automatic,First Owner,191414.0,10.2,1000,52.1,5,147000
2018,Tata,CNG,Manual,Second Owner,16504.0,11.8,2200,188.2,8,422200
2008,Hyundai,Diesel,Manual,Third Owner,158732.0,21.1,1000,69.3,7,61700
2005,Kia,Petrol,Automatic,Third Owner,38196.0,27.8,800,116.9,7,67900
2023,Maruti,Petrol,Manual,Third Owner,66938.0,15.7,2200,172.3,5,459400
2012,Honda,Petrol,Automatic,Second Owner,140677.0,16.6,1800,183.4,7,206600
2019,Hyundai,Petrol,Manual,First Owner,58388.0,12.3,800,127.9,7,409500
2019,Tata,Diesel,Manual,Second Owner,56501.0,17.8,2200,134.8,5,446400
2013,Toyota,Diesel,Automatic,First Owner,185381.0,10.7,1500,150.5,5,314300
2013,MG,Diesel,Automatic,Second Owner,28043.0,28.4,1500,194.2,5,364300
2014,Kia,CNG,Manual,Second Owner,34635.0,23.5,1800,140.4,7,314500
2013,Renault,Diesel,Manual,First Owner,81691.0,29.8,1500,133.9,5,320500
2007,Toyota,Petrol,Manual,Second Owner,34132.0,27.7,1000,52.2,7,124000
2015,Ford,Petrol,Automatic,Third Owner,16366.0,19.5,2200,62.1,5,312100
2010,Volkswagen,Electric,Manual,First Owner,94944.0,20.4,800,136.6,7,374000
2006,Tata,Petrol,Automatic,Third Owner,194652.0,13.8,1000,190.4,5,50000
2011,Renault,Electric,Automatic,First Owner,116267.0,19.2,1500,180.0,5,358000
2022,Volkswagen,CNG,Manual,Second Owner,189961.0,28.1,2000,197.4,5,401900
2006,Tata,Petrol,Automatic,First Owner,40236.0,11.0,2500,129.2,5,136800
2021,Maruti,Diesel,Manual,Second Owner,5150.0,27.3,800,168.2,5,518400
2015,MG,CNG,Manual,Third Owner,112369.0,16.8,1000,176.1,5,238400
2016,Toyota,Diesel,Automatic,Third Owner,20423.0,28.0,2200,147.2,5,375900
2023,Honda,Electric,Manual,Second Owner,5137.0,28.8,1800,100.8,8,695400
2011,Tata,Electric,Manual,First Owner,30992.0,23.4,1000,120.5,7,416300
2010,Honda,Petrol,Manual,Third Owner,111540.0,23.3,2000,178.7,5,68300
2005,MG,Petrol,Manual,First Owner,116140.0,19.1,1500,94.8,5,50000
2021,Kia,Electric,Manual,Third Owner,176993.0,26.7,800,188.6,5,489500
2015,Ford,Diesel,Automatic,First Owner,122225.0,29.2,1800,84.5,7,389600
2022,Toyota,Petrol,Automatic,First Owner,67917.0,25.5,800,162.4,5,526500
2021,MG,Petrol,Automatic,Second Owner,,22.4,1800,144.6,5,-9223372036854775808
2011,MG,Diesel,Manual,First Owner,35235.0,22.1,2500,162.4,5,292700
2021,Maruti,Electric,Manual,First Owner,20122.0,27.0,2200,115.6,7,661000
2013,Volkswagen,CNG,Manual,First Owner,24956.0,20.8,800,189.9,5,325800
2021,Ford,Diesel,Manual,First Owner,64879.0,26.1,1500,144.9,7,546300
2012,Toyota,Petrol,Manual,First Owner,59560.0,20.2,2200,93.2,5,302400
2021,Kia,Petrol,Manual,First Owner,,11.2,2200,145.8,5,-9223372036854775808
2011,Kia,CNG,Manual,First Owner,156732.0,,2500,93.0,5,214300
2005,Hyundai,Petrol,Manual,First Owner,2168.0,18.9,1800,94.0,5,124900
2017,MG,Petrol,Automatic,Second Owner,46124.0,12.8,1200,109.9,5,395800
2023,Tata,Petrol,Automatic,First Owner,167969.0,12.0,800,177.9,5,512300
2023,Maruti,Diesel,Automatic,Third Owner,147104.0,20.7,800,125.0,5,502900
2021,Ford,Electric,Automatic,Third Owner,53797.0,11.7,1000,151.8,5,584000
2017,Kia,Petrol,Automatic,First Owner,36294.0,16.1,1800,108.8,5,423300
2020,Toyota,Petrol,Manual,Second Owner,175899.0,24.9,2000,89.5,8,361800
2012,Hyundai,Diesel,Manual,Third Owner,4516.0,29.3,1200,193.2,5,243000
2023,Toyota,Electric,Automatic,Fourth & Above Owner,151823.0,24.4,1500,140.5,5,538900
2022,Maruti,Petrol,Automatic,Second Owner,31373.0,29.9,1000,190.1,5,490700
2005,Tata,Petrol,Automatic,First Owner,123026.0,24.0,2500,80.5,5,92900
2018,Hyundai,Petrol,Automatic,Second Owner,31270.0,15.9,1200,72.0,5,422300
2023,Hyundai,CNG,Manual,Second Owner,142458.0,23.4,1800,178.4,5,454400
2019,Volkswagen,Petrol,Automatic,Second Owner,196889.0,24.0,1200,152.1,5,383500
2022,Ford,Petrol,Automatic,First Owner,66184.0,,2500,78.0,5,562400
2006,Hyundai,Diesel,Manual,Third Owner,38879.0,10.4,2200,90.4,7,80400
2021,Volkswagen,Diesel,Automatic,Fourth & Above Owner,50597.0,24.1,800,170.1,5,434000
2022,Volkswagen,Petrol,Manual,First Owner,171204.0,10.4,2200,118.1,5,470300
2010,Maruti,CNG,Automatic,First Owner,4626.0,22.6,800,150.6,5,285800
2023,Honda,Petrol,Automatic,First Owner,86936.0,13.3,1000,97.8,5,525000
2008,Toyota,Diesel,Manual,Third Owner,82515.0,21.3,2500,107.2,7,102700
2005,Tata,Petrol,Automatic,Second Owner,56390.0,20.1,1800,198.6,5,50000
2012,Renault,Diesel,Manual,Second Owner,148717.0,10.3,1800,87.1,5,251200
2011,Toyota,Petrol,Automatic,First Owner,55144.0,17.3,1200,126.0,5,276200
2007,Hyundai,CNG,Manual,Second Owner,145454.0,22.0,1000,176.7,5,50000
2014,Tata,Diesel,Automatic,First Owner,5025.0,27.0,1800,85.9,5,445400
